3dprint,11,124,10,149,15,150,"'smooth', 'moderate roughness', 'hardness, akin to flexible rubber', 'slightly matte yet waxy texture'","The touch of Gadget Holder is smooth, moderate roughness, hardness, akin to flexible rubber, slightly matte yet waxy texture, it is made of rubber.","[92, 26, 115, 58, 79, 28, 119, 27, 19, 96, 54, 77, 51, 65, 83, 40, 56, 80, 109, 100, 75, 78, 17, 37, 50, 98, 70, 18, 99, 42, 116, 34, 43, 74, 45, 108, 21, 85, 49, 107, 73, 16, 67, 20, 24, 53, 93, 113, 117, 23, 76, 62, 48, 82, 52, 25, 102, 72, 38, 63, 86, 118, 88, 68, 84, 61, 106, 87, 14, 89, 55, 122, 57, 71, 120, 30, 36, 64, 101, 81, 11, 60, 39, 13, 15, 66, 90, 97, 95, 91, 124, 22, 41, 123, 31, 35, 111, 47, 103, 112, 46, 110]","[69, 32, 94, 12, 121, 33, 104, 44, 59, 29, 114, 105]"
3dprint2,10,123,15,148,4,138,"'smooth', 'light texture', 'some roughness', 'firm', 'medium hardness', 'slightly rough surface'","The touch of Block is smooth, light texture, some roughness, firm, medium hardness, slightly rough surface, it is made of foam.","[29, 43, 26, 87, 23, 84, 35, 117, 67, 37, 16, 111, 50, 65, 15, 108, 104, 28, 94, 113, 12, 71, 25, 30, 60, 101, 58, 40, 106, 17, 76, 14, 91, 75, 89, 82, 64, 21, 33, 11, 42, 19, 70, 80, 24, 114, 13, 20, 77, 97, 27, 66, 38, 34, 69, 90, 112, 107, 86, 46, 74, 44, 110, 55, 32, 98, 122, 102, 96, 10, 100, 54, 115, 83, 109, 48, 59, 95, 57, 63, 62, 73, 88, 121, 116, 119, 31, 36, 53, 85, 47, 79, 99, 61, 72, 18, 105, 92, 22, 103, 49, 81]","[56, 51, 123, 52, 41, 39, 93, 78, 68, 45, 120, 118]"
USB,30,124,50,148,5,126,"'smooth', 'cool to the touch', 'sleek surface', 'lacks any noticeable texture', 'polished', 'glossy', 'almost frictionless feel'","The touch of USB hub is smooth, cool to the touch, sleek surface, lacks any noticeable texture, polished, glossy, almost frictionless feel, it is made of plastic.","[85, 108, 57, 39, 74, 54, 89, 82, 120, 105, 95, 106, 97, 80, 78, 123, 117, 43, 101, 36, 122, 59, 51, 56, 84, 75, 71, 109, 72, 112, 65, 41, 99, 44, 119, 35, 49, 66, 67, 81, 103, 63, 33, 40, 61, 50, 93, 121, 60, 37, 64, 115, 90, 107, 83, 111, 32, 91, 58, 102, 113, 69, 70, 98, 62, 76, 77, 53, 96, 34, 87, 116, 94, 88, 52, 124, 46, 38, 47, 30, 31, 79, 114, 92, 42]","[100, 45, 110, 86, 73, 118, 55, 48, 104, 68]"
banana,18,124,18,149,9,141,"'smooth', 'slightly glossy', 'low roughness', 'low hardness'","The touch of banana is smooth, slightly glossy, low roughness, low hardness, it is made of rubber.","[56, 46, 118, 49, 121, 89, 40, 97, 86, 63, 52, 77, 119, 50, 90, 38, 106, 51, 116, 94, 65, 100, 42, 78, 76, 101, 115, 27, 64, 20, 29, 88, 113, 83, 105, 85, 72, 61, 68, 103, 122, 109, 84, 54, 79, 110, 34, 28, 82, 111, 39, 75, 19, 30, 37, 43, 123, 96, 55, 87, 69, 47, 25, 48, 33, 62, 95, 41, 24, 102, 98, 59, 80, 57, 107, 60, 71, 23, 74, 73, 120, 93, 92, 44, 99, 31, 32, 104, 53, 66, 67, 18, 45, 36, 124, 114]","[22, 35, 81, 70, 112, 58, 91, 26, 108, 117, 21]"
vacuum_cup,13,125,13,149,9,138,"'smooth edge', 'glossy finish', 'low roughness level', 'high hardness level'","The touch of Vacuum cup is smooth edge, glossy finish, low roughness level, high hardness level, it is made of metal.","[77, 117, 65, 91, 26, 73, 101, 66, 40, 60, 24, 29, 99, 120, 30, 108, 95, 106, 100, 115, 17, 36, 110, 51, 68, 111, 116, 32, 56, 122, 109, 41, 71, 35, 64, 54, 70, 18, 62, 98, 74, 92, 50, 85, 47, 22, 44, 14, 59, 38, 58, 84, 124, 102, 87, 39, 93, 28, 13, 63, 96, 81, 118, 33, 82, 15, 112, 119, 52, 49, 19, 16, 121, 75, 86, 94, 37, 43, 20, 48, 89, 113, 114, 107, 76, 97, 69, 80, 88, 83, 79, 61, 27, 42, 53, 55, 105, 67, 25, 78, 46]","[57, 125, 103, 90, 104, 72, 123, 34, 45, 23, 21, 31]"
vacuum_cup_lid,5,125,10,149,0,141,"'sleek', 'reflective texture', 'minimal roughness', 'high hardness'","The touch of Vacuum cup lid is sleek, reflective texture, minimal roughness, high hardness, it is made of metal.","[41, 83, 75, 19, 28, 43, 35, 94, 53, 17, 117, 59, 24, 87, 40, 7, 119, 47, 125, 102, 45, 50, 89, 36, 51, 22, 103, 105, 101, 111, 113, 72, 97, 42, 25, 104, 61, 14, 68, 114, 30, 95, 31, 88, 84, 8, 63, 5, 98, 23, 55, 71, 33, 27, 13, 116, 73, 112, 120, 79, 106, 64, 49, 48, 99, 96, 123, 92, 21, 56, 77, 78, 9, 65, 52, 85, 16, 121, 12, 34, 62, 54, 107, 57, 69, 66, 86, 10, 70, 100, 29, 109, 60, 6, 76, 81, 82, 44, 93, 115, 124, 74, 67, 20, 110, 15, 26, 37]","[39, 122, 90, 32, 80, 118, 11, 108, 38, 58, 18, 91, 46]"
glass_jar,10,124,15,149,15,148,"'smooth', 'completely flat', 'highly rigid', 'hard', 'slick', 'solid', 'high level of hardness'","The touch of Glass jar is smooth, completely flat, highly rigid, hard, slick, solid, high level of hardness, it is made of glass.","[116, 55, 107, 34, 103, 115, 80, 35, 122, 29, 121, 123, 88, 24, 17, 71, 31, 56, 52, 59, 100, 54, 117, 10, 114, 16, 20, 109, 98, 42, 84, 18, 63, 75, 79, 72, 85, 95, 67, 96, 87, 97, 14, 92, 68, 51, 64, 93, 39, 86, 124, 113, 66, 112, 69, 105, 58, 44, 102, 32, 11, 91, 104, 49, 41, 83, 106, 12, 43, 108, 13, 110, 48, 94, 22, 90, 15, 19, 46, 60, 101, 53, 76, 62, 111, 120, 47, 40, 118, 57, 25, 21, 119, 74, 73, 78, 70, 81, 30, 38, 28, 50, 45]","[33, 37, 65, 23, 61, 77, 27, 82, 99, 89, 26, 36]"
glass_jar2,13,124,20,149,4,149,"'smooth', 'rigid', 'cold', 'hard', 'sleek', 'glassy', 'high level of hardness'","The touch of Glass jar is smooth, rigid, cold, hard, sleek, glassy, high level of hardness, it is made of metal.","[105, 15, 42, 95, 114, 117, 88, 49, 58, 72, 98, 34, 108, 47, 35, 77, 119, 63, 90, 82, 113, 31, 100, 21, 13, 123, 14, 116, 122, 65, 61, 109, 124, 41, 22, 45, 85, 56, 69, 74, 38, 102, 62, 99, 51, 101, 16, 44, 37, 91, 66, 46, 19, 57, 92, 48, 118, 55, 83, 64, 36, 32, 96, 81, 18, 71, 97, 54, 59, 27, 17, 29, 67, 89, 53, 23, 75, 28, 84, 24, 40, 103, 104, 121, 94, 93, 60, 70, 26, 78, 20, 76, 87, 33, 39, 111, 115, 79, 107, 50]","[80, 68, 106, 112, 110, 52, 86, 43, 30, 73, 120, 25]"
bowl,16,123,10,149,1,149,"'smooth', 'hard', 'glossy', 'fine texture', 'non-porous', 'high hardness level'","The touch of Bowl is smooth, hard, glossy, fine texture, non-porous, high hardness level, it is made of ceramic.","[112, 105, 42, 99, 64, 104, 107, 19, 46, 78, 21, 60, 114, 91, 93, 110, 86, 20, 38, 68, 75, 39, 90, 76, 81, 121, 103, 32, 24, 57, 27, 22, 44, 28, 111, 33, 96, 65, 108, 88, 98, 16, 74, 66, 50, 40, 37, 36, 89, 117, 31, 23, 58, 30, 85, 26, 47, 70, 67, 101, 35, 45, 69, 82, 94, 56, 17, 41, 102, 54, 83, 73, 106, 43, 55, 122, 119, 115, 84, 92, 120, 61, 72, 80, 77, 18, 97, 53, 49, 51, 116, 62, 109, 100, 34, 29, 25]","[95, 87, 63, 113, 52, 71, 123, 48, 118, 59, 79]"
bowl2,1,124,19,148,10,149,"'smooth', 'glossy', 'hard plastic', 'sleek', 'very fine and even texture', 'no noticeable roughness', 'high hardness', 'cool and solid to the touch'","The touch of bowl is smooth, glossy, hard plastic, sleek, very fine and even texture, no noticeable roughness, high hardness, cool and solid to the touch, it is made of glass.","[17, 104, 72, 58, 90, 98, 87, 19, 34, 54, 15, 6, 31, 102, 7, 8, 88, 3, 48, 80, 74, 62, 63, 70, 29, 96, 61, 84, 83, 108, 60, 103, 69, 117, 113, 49, 10, 64, 121, 122, 91, 33, 1, 32, 94, 36, 76, 109, 5, 37, 123, 9, 42, 50, 21, 16, 47, 107, 30, 57, 24, 78, 105, 120, 52, 124, 82, 118, 100, 38, 53, 35, 101, 2, 110, 89, 65, 51, 18, 4, 106, 11, 93, 20, 44, 23, 68, 119, 46, 27, 71, 13, 114, 92, 115, 55, 99, 95, 97, 66, 73, 59, 26, 12, 41, 77, 116, 112, 25, 79, 75]","[86, 85, 81, 43, 14, 40, 111, 39, 67, 28, 56, 45, 22]"
bowl3,9,125,10,149,0,149,"'smooth', 'glossy', 'hard', 'rigid', 'cool temperature', 'minimal roughness', 'unyielding', 'sleek'","The touch of bowl is smooth, glossy, hard, rigid, cool temperature, minimal roughness, unyielding, sleek, it is made of plastic.","[51, 17, 103, 10, 115, 76, 36, 41, 110, 55, 106, 116, 100, 33, 37, 58, 67, 113, 28, 108, 52, 69, 29, 73, 91, 93, 45, 101, 54, 117, 12, 97, 47, 111, 50, 107, 109, 118, 95, 44, 121, 104, 31, 38, 46, 62, 114, 57, 60, 30, 124, 16, 23, 71, 83, 26, 42, 15, 87, 92, 11, 40, 99, 123, 122, 125, 18, 88, 21, 78, 64, 90, 13, 112, 35, 49, 43, 63, 80, 20, 27, 96, 24, 14, 19, 48, 56, 34, 94, 72, 74, 120, 84, 79, 70, 53, 105, 75, 66, 119, 86, 61, 65, 22, 59]","[98, 9, 32, 77, 82, 102, 39, 25, 89, 85, 68, 81]"
bowl_metal_plastic_bottom,17,124,30,149,12,126,"'smooth', 'glossy', 'hard plastic', 'flat', 'sleek', 'frictionless', 'solid', 'rigid'","The touch of bowl is smooth, glossy, hard plastic, flat, sleek, frictionless, solid, rigid, it is made of ceramic.","[91, 20, 107, 18, 64, 78, 62, 34, 95, 41, 110, 52, 38, 81, 29, 111, 57, 21, 114, 51, 35, 118, 70, 92, 103, 19, 60, 65, 46, 67, 76, 40, 25, 45, 30, 117, 26, 98, 53, 124, 90, 79, 113, 37, 82, 49, 83, 56, 77, 43, 39, 97, 106, 58, 33, 96, 86, 100, 44, 94, 28, 68, 101, 55, 31, 22, 72, 119, 115, 105, 24, 42, 104, 71, 93, 36, 123, 73, 75, 74, 47, 122, 99, 116, 48, 32, 120, 84, 80, 112, 63, 89, 54, 50, 85, 87, 66]","[61, 102, 69, 121, 109, 27, 17, 88, 108, 59, 23]"
bowl_metal_plastic_edge,18,125,27,149,0,123,"'smooth', 'reflective', 'metallic', 'polished', 'hard', 'cold', 'unyielding', 'low roughness', 'high hardness', 'durable', 'sleek', 'solid', 'slippery', 'robust'","The touch of bowl is smooth, reflective, metallic, polished, hard, cold, unyielding, low roughness, high hardness, durable, sleek, solid, slippery, robust, it is made of metal.","[19, 56, 117, 79, 74, 65, 62, 27, 103, 28, 26, 63, 64, 42, 24, 18, 53, 22, 118, 105, 120, 108, 59, 41, 87, 46, 47, 109, 73, 114, 29, 25, 45, 100, 125, 69, 89, 102, 121, 83, 60, 98, 119, 23, 30, 44, 77, 99, 58, 76, 124, 61, 54, 43, 94, 52, 95, 106, 88, 113, 37, 68, 35, 66, 81, 55, 39, 48, 20, 49, 104, 80, 33, 36, 72, 92, 111, 107, 123, 96, 115, 38, 51, 90, 21, 122, 31, 85, 86, 67, 110, 112, 82, 91, 116, 32, 84]","[75, 101, 57, 78, 93, 40, 70, 34, 71, 50, 97]"
bowl_metal_plastic_handle,24,124,30,148,20,122,"'plastic handle', 'metallic bowl with some hardness', 'smooth', 'sleek with low roughness'","The touch of bowl is plastic handle, metallic bowl with some hardness, smooth, sleek with low roughness, it is made of metal.","[40, 34, 91, 82, 81, 65, 113, 106, 61, 104, 29, 68, 122, 86, 75, 119, 31, 53, 52, 74, 93, 59, 102, 57, 105, 51, 63, 98, 90, 101, 85, 110, 56, 26, 115, 27, 32, 24, 76, 50, 117, 55, 89, 118, 112, 49, 35, 80, 95, 71, 83, 77, 69, 46, 60, 41, 45, 100, 33, 25, 66, 109, 38, 48, 73, 114, 94, 96, 116, 111, 97, 30, 88, 44, 120, 47, 78, 36, 92, 79, 72, 107, 103, 84, 42, 62, 87, 64, 39, 37]","[123, 28, 43, 70, 67, 124, 99, 54, 108, 58, 121]"
can_metal_hard_smooth,28,124,34,149,8,125,"'smooth', 'glossy', 'hard', 'high hardness', 'sleek texture', 'reflective surface'","The touch of can is smooth, glossy, hard, high hardness, sleek texture, reflective surface, it is made of metal.","[117, 78, 123, 39, 99, 45, 120, 114, 59, 74, 80, 71, 87, 79, 50, 83, 111, 77, 96, 52, 48, 73, 102, 105, 116, 55, 41, 100, 64, 56, 35, 124, 37, 84, 85, 75, 122, 88, 101, 40, 118, 57, 30, 110, 95, 113, 106, 63, 44, 69, 53, 67, 121, 31, 94, 70, 108, 38, 119, 89, 34, 60, 51, 97, 42, 82, 76, 86, 32, 33, 46, 62, 49, 28, 58, 61, 98, 103, 112, 68, 104, 66, 72, 93, 81, 65, 43]","[115, 29, 54, 91, 109, 92, 36, 47, 107, 90]"
can_metal_hard_smooth_bottom,25,124,19,149,1,121,"'smooth', 'shiny', 'slightly reflective', 'cold to touch', 'high hardness'","The touch of can is smooth, shiny, slightly reflective, cold to touch, high hardness, it is made of metal.","[108, 47, 106, 55, 94, 41, 119, 90, 25, 58, 61, 82, 102, 115, 104, 84, 48, 54, 52, 95, 51, 71, 38, 120, 69, 80, 76, 93, 27, 46, 49, 33, 44, 96, 59, 98, 99, 65, 37, 45, 116, 111, 40, 78, 117, 57, 123, 73, 97, 75, 64, 67, 101, 43, 121, 60, 81, 56, 32, 70, 110, 77, 39, 62, 118, 92, 122, 74, 114, 79, 26, 107, 85, 53, 103, 88, 50, 87, 42, 91, 30, 68, 113, 72, 124, 66, 34, 105, 29, 100]","[109, 112, 89, 83, 35, 36, 86, 63, 31, 28]"
can_metal_hard_smooth_top,43,125,32,148,27,120,"'smooth aluminum', 'metallic texture', 'low roughness', 'high hardness', 'cool to touch', 'rigid'","The touch of can is smooth aluminum, metallic texture, low roughness, high hardness, cool to touch, rigid, it is made of metal.","[105, 103, 67, 111, 73, 120, 106, 64, 87, 104, 68, 49, 124, 52, 90, 114, 53, 108, 92, 117, 54, 99, 76, 45, 97, 65, 115, 59, 44, 86, 119, 79, 91, 118, 95, 82, 123, 48, 88, 100, 83, 58, 63, 101, 46, 122, 60, 56, 98, 93, 102, 85, 96, 71, 70, 50, 107, 89, 113, 121, 77, 110, 81, 72, 125, 47, 69, 74, 84, 80, 61, 112, 66, 51]","[43, 109, 116, 78, 75, 62, 57, 55, 94]"
cd,13,125,12,149,1,148,"'smooth', 'shiny', 'low-roughness', 'high-hardness', 'hard', 'flat', 'reflective', 'polished', 'rigid'","The touch of CD is smooth, shiny, low-roughness, high-hardness, hard, flat, reflective, polished, rigid, it is made of plastic.","[97, 42, 55, 27, 92, 73, 57, 119, 87, 93, 72, 50, 79, 48, 32, 40, 112, 110, 17, 22, 59, 43, 63, 47, 70, 101, 104, 89, 34, 46, 111, 81, 51, 30, 60, 88, 37, 91, 125, 16, 105, 62, 25, 80, 123, 13, 77, 69, 14, 53, 120, 100, 118, 18, 41, 26, 94, 98, 36, 76, 33, 106, 84, 82, 52, 99, 75, 64, 23, 65, 58, 31, 15, 83, 122, 20, 19, 38, 117, 107, 29, 116, 78, 39, 108, 45, 44, 121, 115, 56, 90, 49, 61, 114, 21, 67, 35, 28, 95, 24, 103]","[71, 66, 124, 74, 86, 113, 54, 96, 68, 102, 109, 85]"
cd2,12,125,7,149,3,149,"'smooth', 'rigid', 'low roughness', 'high hardness', 'coolness', 'sleekness'","The touch of CD is smooth, rigid, low roughness, high hardness, coolness, sleekness, it is made of plastic.","[81, 88, 112, 97, 32, 33, 57, 71, 50, 39, 125, 79, 14, 89, 90, 12, 72, 25, 23, 37, 87, 49, 107, 104, 120, 119, 66, 76, 84, 114, 45, 118, 16, 124, 65, 36, 92, 51, 113, 42, 75, 30, 110, 58, 109, 54, 35, 28, 44, 86, 19, 73, 46, 69, 91, 94, 27, 56, 67, 62, 116, 20, 106, 82, 13, 52, 96, 93, 68, 74, 61, 70, 24, 40, 38, 123, 63, 64, 95, 26, 53, 21, 99, 22, 117, 100, 122, 31, 60, 29, 17, 18, 111, 55, 78, 83, 108, 77, 121, 59, 103, 105]","[80, 43, 47, 48, 101, 102, 115, 85, 98, 34, 15, 41]"
coffeecup_plastic_smooth_hard_bottom,38,124,19,148,5,124,"'rigid, hard plastic', 'smooth, seamless texture', 'very low roughness', 'ceramics'","The touch of Coffeecup is rigid, hard plastic, smooth, seamless texture, very low roughness, ceramics, it is made of plastic.","[81, 61, 38, 108, 65, 71, 86, 121, 110, 78, 98, 54, 70, 94, 67, 100, 89, 107, 64, 53, 90, 106, 84, 95, 72, 116, 51, 111, 57, 79, 124, 48, 77, 104, 115, 46, 75, 105, 63, 101, 47, 122, 119, 58, 50, 83, 109, 118, 85, 93, 40, 96, 91, 80, 102, 62, 92, 68, 43, 73, 117, 114, 59, 41, 44, 82, 87, 113, 97, 112, 123, 88, 42, 120, 74, 39, 52, 66]","[69, 45, 49, 103, 99, 55, 56, 60, 76]"
coffeecup_plastic_smooth_hard_bottom_1,19,124,30,149,0,124,"'smooth', 'low roughness', 'some hardness'","The touch of Coffeecup is smooth, low roughness, some hardness, it is made of plastic.","[104, 115, 37, 36, 47, 86, 60, 91, 71, 59, 39, 87, 65, 52, 46, 49, 50, 70, 112, 69, 89, 28, 22, 99, 43, 24, 57, 100, 114, 113, 83, 102, 103, 67, 33, 34, 44, 73, 38, 76, 81, 61, 21, 106, 66, 58, 95, 78, 68, 19, 20, 54, 108, 116, 120, 29, 42, 77, 124, 35, 48, 85, 26, 90, 51, 101, 79, 121, 53, 84, 32, 74, 98, 45, 92, 56, 123, 55, 80, 88, 40, 110, 31, 111, 64, 96, 25, 72, 94, 107, 118, 30, 105, 63, 93]","[109, 122, 23, 75, 117, 27, 97, 119, 62, 82, 41]"
coffeecup_plastic_smooth_hard_bottom_edge,13,124,50,148,2,120,"'smooth', 'curve-shaped', 'hard', 'thin', 'medium-hardness', 'fine texture', 'minimal roughness'","The touch of Coffeecup is smooth, curve-shaped, hard, thin, medium-hardness, fine texture, minimal roughness, it is made of paper.","[35, 15, 57, 108, 36, 21, 73, 105, 96, 98, 69, 113, 30, 97, 93, 115, 111, 80, 16, 72, 84, 14, 120, 67, 118, 95, 43, 66, 25, 70, 109, 56, 99, 61, 89, 100, 114, 92, 17, 68, 47, 33, 39, 102, 101, 124, 27, 41, 51, 79, 77, 65, 82, 32, 117, 55, 52, 121, 94, 54, 58, 81, 71, 87, 22, 49, 122, 23, 62, 116, 112, 76, 40, 44, 78, 60, 106, 45, 53, 74, 90, 28, 31, 29, 34, 85, 88, 50, 63, 38, 103, 107, 64, 104, 13, 24, 75, 86, 26, 19]","[18, 123, 46, 37, 48, 20, 59, 42, 91, 83, 119, 110]"
cupshell_inside_smooth_hard,22,125,22,149,42,149,"'smooth', 'medium roughness', 'high hardness', 'non-porous, polished texture', 'firm and durable', 'no noticeable flexibility'","The touch of Cup lid is smooth, medium roughness, high hardness, non-porous, polished texture, firm and durable, no noticeable flexibility, it is made of plastic.","[105, 38, 94, 35, 113, 91, 65, 39, 41, 68, 51, 47, 122, 120, 63, 108, 57, 67, 48, 76, 81, 123, 59, 114, 27, 58, 96, 64, 93, 83, 34, 88, 106, 45, 23, 99, 90, 101, 89, 53, 60, 24, 62, 50, 95, 55, 72, 97, 25, 29, 44, 70, 111, 36, 84, 30, 49, 75, 85, 87, 74, 118, 33, 112, 73, 71, 40, 103, 31, 46, 79, 43, 80, 121, 52, 32, 110, 119, 56, 107, 82, 26, 61, 86, 102, 98, 28, 42, 69, 22, 66, 124, 37]","[116, 117, 100, 109, 125, 92, 77, 115, 78, 104, 54]"
wire,17,123,15,148,6,141,"'flexible plastic', 'smooth', 'low roughness', 'high hardness'","The touch of Cable is flexible plastic, smooth, low roughness, high hardness, it is made of rubber.","[25, 79, 17, 59, 68, 121, 24, 48, 88, 108, 51, 107, 92, 85, 99, 120, 123, 56, 76, 40, 90, 117, 32, 110, 55, 41, 53, 101, 111, 31, 118, 63, 67, 112, 71, 21, 72, 94, 77, 114, 106, 39, 95, 42, 116, 89, 57, 97, 44, 37, 46, 20, 27, 19, 104, 103, 22, 82, 66, 29, 102, 49, 96, 43, 18, 115, 86, 81, 62, 80, 50, 52, 58, 83, 28, 64, 100, 34, 35, 78, 91, 69, 105, 74, 30, 93, 38, 45, 54, 47, 75, 33, 70, 36, 73, 113]","[109, 84, 122, 26, 119, 65, 23, 60, 87, 98, 61]"
galssbottel_net_pattern_hard_smooth,16,123,16,149,0,101,"'textured grid pattern', 'ridged', 'high hardness level'","The touch of Glass bottle is textured grid pattern, ridged, high hardness level, it is made of glass.","[22, 73, 48, 36, 106, 78, 37, 103, 119, 80, 102, 58, 33, 57, 29, 105, 19, 20, 41, 67, 79, 91, 18, 46, 16, 112, 52, 64, 76, 25, 115, 34, 95, 24, 94, 99, 59, 74, 82, 43, 42, 32, 98, 114, 62, 96, 54, 120, 50, 101, 123, 49, 109, 108, 69, 81, 93, 53, 68, 40, 51, 72, 71, 100, 44, 28, 35, 23, 27, 39, 116, 121, 30, 85, 31, 117, 86, 47, 110, 97, 65, 70, 56, 17, 60, 63, 122, 90, 38, 92, 88, 21, 104, 118, 89, 87, 26]","[77, 45, 55, 113, 107, 111, 66, 83, 61, 84, 75]"
galssbottel_net_pattern_hard_smooth_1,19,125,27,149,0,107,"'smooth', 'hard', 'translucent glass', 'ridges with a rough texture', 'high hardness'","The touch of Glass bottle is smooth, hard, translucent glass, ridges with a rough texture, high hardness, it is made of metal.","[31, 49, 123, 65, 19, 85, 44, 29, 103, 66, 107, 118, 69, 87, 80, 89, 86, 108, 96, 40, 82, 84, 94, 34, 104, 125, 52, 77, 91, 117, 35, 111, 88, 110, 23, 93, 54, 81, 43, 51, 112, 32, 68, 33, 75, 119, 113, 97, 98, 121, 122, 58, 24, 83, 124, 46, 57, 63, 78, 42, 62, 115, 55, 48, 38, 39, 102, 59, 60, 56, 74, 70, 99, 90, 95, 28, 64, 50, 120, 45, 79, 71, 26, 72, 61, 73, 114, 41, 53, 106, 36, 47, 105, 30, 109, 100]","[116, 37, 67, 92, 76, 101, 22, 25, 21, 27, 20]"
galssbottel_net_pattern_hard_smooth_2,13,125,37,150,0,102,"'hard', 'smooth', 'cool', 'slightly grooved', 'textured', 'screw thread surface', 'firm and cold touch sensation'","The touch of Glass bottle with net pattern. is hard, smooth, cool, slightly grooved, textured, screw thread surface, firm and cold touch sensation, it is made of glass.","[77, 120, 118, 95, 17, 34, 16, 26, 64, 84, 73, 75, 74, 22, 103, 51, 117, 102, 50, 78, 62, 82, 60, 55, 58, 105, 36, 86, 111, 14, 119, 28, 91, 56, 97, 20, 25, 71, 68, 24, 46, 19, 80, 90, 21, 40, 54, 30, 63, 112, 72, 100, 109, 47, 18, 67, 85, 39, 13, 81, 38, 42, 27, 115, 15, 33, 37, 107, 98, 92, 53, 104, 88, 87, 101, 110, 94, 123, 41, 79, 29, 83, 114, 66, 99, 108, 89, 121, 69, 76, 106, 49, 52, 48, 35, 124, 57, 32, 113, 93, 31]","[96, 116, 125, 59, 65, 44, 70, 23, 61, 45, 43, 122]"
galssbottel_net_pattern_hard_smooth_3,30,123,30,149,0,120,"'smooth', 'firm', 'hard', 'diamond-pattern texture', 'roughness is low', 'polished glass material', 'hardness is high'","The touch of Glass bottle is smooth, firm, hard, diamond-pattern texture, roughness is low, polished glass material, hardness is high, it is made of glass.","[113, 71, 63, 114, 39, 50, 65, 94, 66, 45, 88, 55, 95, 34, 58, 52, 110, 75, 42, 64, 67, 104, 117, 57, 122, 87, 33, 44, 70, 53, 92, 38, 82, 80, 60, 74, 111, 103, 108, 83, 100, 97, 99, 120, 90, 105, 36, 73, 118, 31, 77, 32, 51, 48, 121, 115, 61, 107, 69, 116, 91, 47, 85, 119, 43, 106, 96, 123, 68, 78, 35, 101, 62, 81, 56, 54, 93, 41, 112, 72, 79, 98, 86, 84]","[89, 76, 109, 49, 46, 59, 37, 30, 102, 40]"
grape,9,123,12,148,10,149,"'smooth', 'slightly glossy', 'low roughness level', 'soft with low hardness', 'akin to soft leather', 'roundness', ""firmness of the grape's skin""","The touch of grapes is smooth, slightly glossy, low roughness level, soft with low hardness, akin to soft leather, roundness, ""firmness of the grape's skin"", it is made of rubber.","[46, 94, 13, 95, 93, 15, 78, 101, 120, 42, 77, 39, 73, 50, 79, 113, 9, 52, 115, 49, 12, 104, 38, 118, 105, 22, 108, 11, 20, 102, 43, 112, 32, 121, 90, 98, 65, 122, 21, 72, 54, 69, 31, 106, 71, 66, 16, 123, 53, 85, 82, 37, 28, 33, 76, 91, 107, 41, 14, 51, 111, 18, 29, 87, 119, 100, 80, 97, 56, 40, 61, 60, 57, 45, 103, 74, 34, 89, 55, 27, 114, 116, 67, 109, 86, 10, 48, 30, 47, 23, 92, 26, 63, 44, 70, 110, 84, 62, 88, 58, 17, 25, 96]","[75, 117, 59, 36, 83, 81, 35, 64, 99, 19, 68, 24]"
sponge,8,123,17,148,6,140,"'rough', 'abrasive', 'fibrous texture', 'high roughness', 'low hardness'","The touch of Sponge is rough, abrasive, fibrous texture, high roughness, low hardness, it is made of rubber.","[54, 8, 16, 90, 46, 77, 50, 120, 52, 11, 59, 10, 30, 66, 57, 38, 119, 115, 44, 92, 102, 80, 55, 87, 69, 105, 79, 34, 26, 122, 112, 104, 36, 23, 98, 24, 118, 22, 63, 61, 65, 13, 73, 82, 81, 84, 20, 58, 37, 76, 110, 95, 9, 53, 67, 35, 60, 33, 71, 88, 49, 25, 62, 28, 123, 48, 101, 106, 109, 45, 19, 41, 47, 56, 86, 42, 116, 40, 70, 107, 113, 78, 15, 85, 93, 39, 111, 12, 68, 103, 72, 97, 74, 64, 21, 32, 27, 83, 89, 117, 96, 121, 94, 100]","[114, 43, 18, 99, 108, 29, 75, 51, 91, 14, 31, 17]"
sponge2,8,124,0,149,6,139,"'porous', 'spongy', 'soft', 'slightly rough', 'compressible', 'low hardness', 'slightly moist', 'absorbent'","The touch of Sponge is porous, spongy, soft, slightly rough, compressible, low hardness, slightly moist, absorbent, it is made of rubber.","[14, 29, 21, 57, 47, 49, 96, 121, 16, 30, 26, 54, 11, 75, 24, 42, 97, 102, 41, 25, 69, 40, 94, 31, 65, 77, 67, 114, 32, 22, 80, 76, 18, 51, 50, 15, 79, 71, 119, 91, 35, 36, 61, 52, 104, 103, 112, 116, 87, 120, 59, 60, 39, 78, 95, 17, 33, 62, 90, 70, 92, 99, 56, 113, 23, 93, 20, 117, 107, 28, 73, 9, 8, 98, 108, 110, 88, 106, 123, 48, 19, 124, 74, 85, 115, 63, 84, 111, 82, 122, 89, 44, 13, 72, 66, 12, 38, 109, 58, 43, 68, 83, 118, 10, 55]","[27, 53, 105, 37, 101, 46, 64, 45, 34, 100, 81, 86]"
hotdog,11,124,12,150,0,139,"'soft', 'smooth', 'slightly flexible', 'glossy', 'creamy white textured elements', 'hardness is relatively low', 'similar to rubber or soft silicone', 'curved, upper surface'","The touch of Hotdog bun is soft, smooth, slightly flexible, glossy, creamy white textured elements, hardness is relatively low, similar to rubber or soft silicone, curved, upper surface, it is made of rubber.","[124, 123, 104, 60, 64, 86, 46, 21, 100, 71, 56, 40, 72, 52, 42, 54, 61, 65, 24, 79, 111, 29, 116, 51, 90, 77, 12, 92, 39, 47, 103, 117, 94, 121, 23, 15, 32, 80, 119, 48, 110, 107, 93, 115, 57, 53, 17, 96, 102, 37, 74, 33, 106, 35, 43, 69, 122, 14, 109, 41, 98, 28, 84, 85, 95, 19, 26, 50, 81, 91, 16, 63, 67, 87, 76, 108, 112, 114, 62, 97, 118, 58, 89, 25, 11, 27, 83, 22, 70, 18, 30, 34, 59, 120, 55, 44, 99, 68, 113, 105, 78, 73]","[75, 36, 88, 20, 49, 38, 66, 101, 45, 31, 13, 82]"
iron_red_metal_box,25,124,15,149,33,148,"'hard', 'smooth', 'metallic material', 'polished finish', 'no roughness', 'cold sensation', 'high hardness typical of metals', 'devoid of any flexibility or indentation upon touch'","The touch of Iron red metal box is hard, smooth, metallic material, polished finish, no roughness, cold sensation, high hardness typical of metals, devoid of any flexibility or indentation upon touch, it is made of metal.","[118, 35, 71, 54, 101, 53, 82, 123, 97, 61, 37, 44, 30, 112, 96, 93, 43, 29, 79, 38, 60, 104, 77, 45, 39, 69, 51, 33, 121, 62, 66, 107, 65, 76, 74, 34, 108, 116, 99, 72, 106, 27, 105, 111, 81, 68, 47, 87, 50, 98, 83, 49, 64, 80, 119, 70, 86, 67, 115, 124, 103, 28, 113, 114, 40, 46, 73, 55, 25, 84, 91, 110, 48, 41, 122, 63, 100, 42, 75, 32, 88, 120, 117, 36, 94, 26, 56, 78, 95, 90]","[52, 58, 92, 31, 57, 59, 85, 102, 89, 109]"
iron_red_metal_box_smooth_edge,18,123,35,148,10,125,"'smooth', 'metal', 'rigid', 'cool to the touch', 'very low roughness level', 'high hardness'","The touch of Metal box is smooth, metal, rigid, cool to the touch, very low roughness level, high hardness, it is made of metal.","[77, 71, 82, 62, 115, 70, 69, 41, 73, 50, 65, 68, 117, 63, 76, 87, 66, 35, 122, 86, 97, 61, 72, 113, 51, 106, 40, 75, 48, 119, 109, 25, 112, 32, 45, 24, 90, 110, 46, 58, 102, 49, 83, 31, 28, 98, 120, 64, 107, 79, 100, 114, 29, 21, 54, 116, 74, 55, 36, 95, 43, 26, 99, 92, 108, 47, 118, 111, 84, 56, 38, 101, 19, 57, 88, 23, 89, 78, 67, 104, 33, 81, 27, 42, 94, 20, 53, 96, 80, 30, 121, 93, 52, 103, 34]","[123, 39, 22, 18, 91, 105, 59, 60, 37, 85, 44]"
orange,31,124,35,148,3,149,"'slightly rough surface', 'hard', 'firm', 'slightly yielding under pressure'","The touch of Apple is slightly rough surface, hard, firm, slightly yielding under pressure, it is made of rubber.","[100, 63, 121, 116, 44, 106, 78, 109, 81, 41, 52, 37, 113, 67, 97, 32, 120, 70, 33, 65, 101, 123, 124, 73, 84, 103, 55, 74, 50, 102, 36, 51, 38, 54, 118, 42, 90, 114, 89, 95, 76, 110, 87, 91, 111, 79, 86, 94, 69, 99, 75, 45, 31, 39, 82, 98, 108, 59, 62, 104, 68, 64, 93, 83, 72, 43, 88, 77, 61, 53, 117, 60, 85, 115, 49, 40, 58, 48, 46, 92, 57, 56, 107, 122]","[112, 34, 35, 71, 119, 66, 47, 105, 96, 80]"
orange2,21,125,23,149,12,148,"'rough and hard surface', 'curved exterior', 'firm', 'high roughness level', 'moderate hardness', 'yielding slightly under pressure', 'slight waxy texture'","The touch of Lime is rough and hard surface, curved exterior, firm, high roughness level, moderate hardness, yielding slightly under pressure, slight waxy texture, it is made of rubber.","[38, 64, 40, 36, 96, 68, 113, 29, 26, 124, 88, 30, 80, 47, 37, 86, 57, 118, 39, 42, 90, 114, 52, 99, 74, 62, 61, 25, 32, 66, 105, 98, 111, 60, 120, 106, 107, 22, 100, 65, 41, 21, 75, 94, 69, 109, 83, 122, 78, 53, 72, 108, 89, 84, 125, 33, 31, 48, 23, 95, 82, 97, 101, 77, 121, 43, 55, 54, 56, 103, 73, 115, 45, 119, 58, 117, 24, 27, 81, 34, 49, 116, 46, 50, 35, 70, 91, 63, 59, 123, 44, 110, 28, 51]","[102, 93, 85, 67, 71, 76, 112, 104, 92, 87, 79]"
orange3,26,124,40,149,8,149,"'rough hard orange', 'relatively hard and firm', 'roughness', 'slightly elastic feel', 'distinctly uneven and bumpy', 'slightly rough', 'small dimples'","The touch of Apple is rough hard orange, relatively hard and firm, roughness, slightly elastic feel, distinctly uneven and bumpy, slightly rough, small dimples, it is made of rubber.","[78, 113, 29, 100, 80, 99, 58, 74, 63, 45, 124, 69, 77, 61, 35, 31, 33, 53, 85, 66, 89, 27, 42, 118, 108, 98, 79, 38, 101, 88, 116, 67, 37, 59, 36, 90, 106, 86, 105, 51, 73, 43, 30, 56, 114, 76, 93, 40, 119, 26, 81, 120, 92, 62, 123, 91, 60, 34, 115, 109, 64, 39, 32, 82, 72, 122, 117, 84, 48, 65, 112, 55, 97, 75, 87, 94, 104, 96, 111, 110, 103, 47, 54, 52, 46, 28, 57, 49, 68]","[83, 70, 41, 121, 107, 95, 50, 102, 44, 71]"
plush_toy,12,124,10,150,6,149,"'soft, fabric material', 'fuzzy texture', 'very low roughness', 'low hardness', 'rough and slightly ticklish to the touch'","The touch of teddy bear is soft, fabric material, fuzzy texture, very low roughness, low hardness, rough and slightly ticklish to the touch, it is made of rubber.","[63, 14, 65, 70, 34, 25, 28, 59, 106, 29, 62, 87, 40, 30, 102, 21, 88, 124, 44, 95, 110, 24, 67, 60, 94, 50, 116, 13, 104, 96, 77, 122, 33, 72, 23, 75, 51, 48, 41, 107, 35, 27, 16, 36, 46, 93, 38, 114, 92, 119, 57, 74, 101, 19, 85, 111, 90, 80, 78, 49, 17, 52, 103, 39, 15, 58, 71, 32, 105, 76, 120, 82, 66, 98, 99, 12, 115, 53, 31, 89, 18, 54, 84, 26, 121, 73, 97, 79, 42, 81, 64, 112, 22, 123, 118, 109, 69, 68, 43, 56, 108]","[117, 20, 37, 45, 100, 83, 55, 47, 113, 61, 86, 91]"
plush_toy2,15,125,11,148,26,149,'hard smooth plastic ball',"The touch of Plush toy is hard smooth plastic ball, it is made of rubber.","[111, 17, 115, 76, 27, 51, 97, 69, 86, 68, 58, 21, 35, 49, 38, 92, 64, 98, 108, 78, 94, 31, 71, 107, 25, 33, 114, 52, 65, 99, 91, 34, 55, 122, 105, 83, 39, 116, 61, 42, 28, 24, 44, 30, 53, 15, 82, 100, 89, 88, 47, 73, 87, 79, 118, 66, 67, 110, 77, 29, 37, 40, 90, 81, 84, 45, 117, 109, 121, 48, 112, 18, 32, 101, 59, 95, 46, 80, 104, 16, 56, 50, 41, 19, 113, 57, 119, 20, 72, 103, 75, 74, 123, 63, 125, 22, 23, 102, 120]","[106, 60, 70, 36, 43, 26, 54, 62, 124, 96, 85, 93]"
metalbox,11,124,14,150,7,148,"'flat and smooth', 'no roughness', 'high hardness', 'smooth'","The touch of Metalbox is flat and smooth, no roughness, high hardness, smooth, it is made of metal.","[57, 47, 95, 28, 84, 77, 79, 31, 67, 48, 35, 90, 53, 83, 58, 34, 15, 102, 56, 93, 88, 105, 38, 110, 16, 43, 124, 74, 86, 62, 29, 97, 113, 85, 65, 21, 42, 123, 40, 61, 106, 94, 78, 27, 23, 32, 24, 107, 11, 64, 91, 89, 72, 92, 76, 114, 96, 45, 26, 108, 22, 81, 46, 80, 17, 69, 66, 13, 44, 50, 98, 82, 52, 103, 54, 14, 59, 63, 104, 41, 51, 101, 115, 70, 116, 68, 119, 71, 55, 73, 49, 117, 20, 100, 121, 33, 60, 25, 111, 120, 87, 118]","[18, 99, 36, 12, 112, 19, 109, 30, 39, 37, 122, 75]"
metalbox2,14,123,13,150,15,149,"'smooth', 'hard', 'metal', 'glossy', 'sleek', 'low roughness', 'high hardness', 'flat', 'even'","The touch of Metal box with floral pattern. is smooth, hard, metal, glossy, sleek, low roughness, high hardness, flat, even, it is made of metal.","[66, 81, 56, 58, 103, 63, 25, 60, 16, 102, 104, 48, 55, 43, 32, 45, 35, 96, 123, 28, 72, 115, 52, 98, 65, 37, 91, 51, 57, 105, 94, 41, 101, 34, 79, 74, 75, 116, 100, 59, 29, 106, 54, 90, 27, 24, 88, 85, 69, 114, 49, 30, 89, 39, 86, 19, 92, 110, 73, 113, 122, 36, 47, 99, 82, 118, 93, 109, 26, 23, 107, 21, 95, 67, 71, 108, 78, 20, 14, 68, 112, 42, 117, 61, 53, 119, 97, 77, 84, 31, 62, 50, 40, 46, 83, 17, 87, 111, 44]","[121, 18, 70, 33, 76, 120, 15, 38, 22, 80, 64]"
mouse_for_computer_1,39,123,32,149,18,128,"'smooth plastic', 'low roughness', 'high hardness', 'sleek and solid', 'minimal resistance', 'consistently rigid', 'firm'","The touch of Computer mouse is smooth plastic, low roughness, high hardness, sleek and solid, minimal resistance, consistently rigid, firm, it is made of plastic.","[109, 75, 47, 62, 86, 40, 58, 77, 56, 79, 53, 111, 69, 114, 89, 122, 57, 104, 72, 52, 85, 110, 84, 39, 42, 45, 49, 66, 102, 43, 115, 99, 76, 94, 87, 91, 60, 61, 100, 95, 41, 50, 78, 68, 51, 108, 119, 103, 92, 107, 96, 74, 117, 81, 83, 97, 63, 65, 123, 105, 46, 44, 106, 48, 112, 67, 116, 120, 80, 82, 93, 113, 70, 121, 88, 118]","[55, 98, 54, 59, 90, 101, 64, 73, 71]"
mouse_for_computer_scroll,42,124,39,148,27,128,"'smooth mouse scroll wheel', 'slight resistance', 'rubberized coating', 'soft grip', 'ridges or grooves', 'light mechanical clicks or steps', 'tactile sensation'","The touch of Computer mouse is smooth mouse scroll wheel, slight resistance, rubberized coating, soft grip, ridges or grooves, light mechanical clicks or steps, tactile sensation, it is made of plastic.","[44, 82, 89, 74, 91, 45, 107, 117, 77, 78, 118, 119, 84, 120, 93, 58, 94, 70, 79, 102, 92, 96, 95, 51, 98, 76, 80, 100, 112, 86, 67, 106, 87, 52, 81, 50, 42, 97, 64, 85, 90, 101, 122, 59, 111, 75, 99, 65, 116, 83, 88, 57, 48, 60, 54, 108, 61, 121, 47, 114, 124, 66, 68, 123, 103, 73, 46, 43, 55, 69, 49, 109, 62, 63]","[72, 115, 113, 53, 71, 56, 110, 104, 105]"
onion,19,125,11,149,15,149,"'papery', 'dry', 'flaky outer skin', 'thin and brittle', 'crinkles delicately', 'smooth', 'firm', 'slightly moist flesh', 'cool and crisp', 'slippery', 'glossy surface'","The touch of Onion is papery, dry, flaky outer skin, thin and brittle, crinkles delicately, smooth, firm, slightly moist flesh, cool and crisp, slippery, glossy surface, it is made of plastic.","[37, 26, 81, 119, 53, 97, 31, 86, 91, 33, 113, 51, 118, 62, 112, 60, 72, 87, 115, 104, 125, 101, 40, 108, 41, 75, 73, 122, 49, 19, 74, 20, 67, 58, 99, 89, 22, 44, 30, 100, 102, 107, 61, 42, 52, 55, 69, 77, 23, 103, 57, 106, 47, 50, 65, 90, 124, 68, 27, 64, 116, 82, 21, 79, 25, 84, 45, 38, 85, 109, 114, 88, 36, 24, 46, 54, 35, 56, 71, 110, 39, 111, 93, 117, 80, 92, 48, 66, 120, 28, 123, 29, 63, 43, 121, 95]","[76, 70, 105, 32, 78, 98, 96, 83, 59, 34, 94]"
onion2,15,124,11,148,30,149,"'slightly soft', 'smooth, slightly glossy surface', 'low hardness'","The touch of Onion is slightly soft, smooth, slightly glossy surface, low hardness, it is made of metal.","[31, 80, 46, 123, 54, 104, 91, 27, 61, 116, 81, 117, 42, 92, 85, 52, 76, 106, 64, 15, 22, 111, 48, 37, 63, 105, 71, 74, 118, 72, 78, 51, 121, 70, 87, 84, 77, 93, 90, 53, 96, 89, 120, 110, 100, 112, 73, 45, 102, 40, 65, 47, 30, 23, 109, 95, 62, 103, 58, 101, 124, 38, 16, 79, 113, 97, 50, 69, 25, 49, 99, 41, 29, 107, 19, 67, 60, 55, 18, 115, 26, 122, 68, 119, 86, 35, 36, 108, 114, 28, 17, 21, 59, 20, 94, 24, 43, 98, 39]","[75, 57, 82, 56, 34, 88, 33, 66, 83, 32, 44]"
paper,12,124,20,148,2,143,"'smooth texture', 'low roughness level', 'low hardness level'","The touch of envelope is smooth texture, low roughness level, low hardness level, it is made of metal.","[87, 112, 51, 43, 110, 57, 105, 71, 96, 67, 122, 55, 76, 94, 99, 69, 25, 117, 118, 86, 72, 103, 13, 95, 32, 39, 22, 27, 29, 65, 80, 111, 61, 83, 89, 18, 37, 23, 36, 63, 66, 81, 41, 74, 60, 79, 62, 42, 115, 53, 17, 30, 44, 14, 108, 54, 121, 119, 84, 20, 48, 24, 123, 59, 45, 46, 15, 101, 38, 26, 75, 85, 113, 19, 91, 82, 21, 102, 93, 104, 31, 100, 114, 109, 92, 88, 77, 73, 98, 50, 40, 52, 56, 28, 47, 70, 107, 16, 90, 33, 35]","[78, 106, 12, 49, 97, 68, 120, 34, 124, 116, 58, 64]"
paper_box_medium_smooth,19,124,16,148,3,128,"'smooth', 'slightly glossy', 'fine print texture', 'low roughness level', 'low hardness'","The touch of Frozen coffee box is smooth, slightly glossy, fine print texture, low roughness level, low hardness, it is made of rubber.","[47, 71, 70, 119, 59, 88, 105, 39, 108, 113, 43, 38, 80, 46, 22, 114, 122, 32, 61, 62, 95, 86, 116, 69, 50, 110, 25, 72, 52, 28, 45, 79, 55, 57, 76, 103, 123, 84, 77, 35, 83, 90, 58, 78, 87, 96, 30, 102, 109, 65, 49, 63, 112, 66, 42, 21, 33, 91, 97, 29, 100, 37, 107, 89, 24, 44, 115, 20, 53, 41, 101, 99, 82, 31, 92, 26, 74, 111, 40, 68, 48, 64, 85, 73, 67, 118, 124, 54, 120, 117, 19, 106, 51, 93, 56]","[121, 27, 23, 75, 98, 60, 36, 34, 81, 104, 94]"
paper_box_medium_smooth_2,19,123,40,149,20,120,"'smooth but wrinkled', 'thin', 'distinct folds', 'low hardness', 'light, flexible texture'","The touch of Matchbox is smooth but wrinkled, thin, distinct folds, low hardness, light, flexible texture, it is made of plastic.","[30, 29, 70, 66, 82, 86, 75, 111, 40, 100, 108, 58, 123, 115, 117, 38, 99, 21, 62, 107, 33, 65, 54, 31, 36, 121, 64, 56, 110, 106, 57, 48, 95, 80, 44, 90, 27, 34, 83, 26, 42, 55, 89, 71, 35, 93, 53, 43, 91, 101, 39, 87, 52, 49, 92, 85, 81, 84, 122, 61, 25, 98, 118, 105, 114, 120, 103, 20, 23, 116, 32, 46, 74, 76, 59, 96, 68, 63, 102, 28, 88, 69, 77, 51, 109, 60, 78, 119, 72, 45, 97, 113, 79, 24]","[37, 50, 73, 41, 19, 94, 67, 104, 47, 22, 112]"
paperbag,11,124,15,149,0,142,"'little smooth', 'slightly flexible', 'low in hardness', 'even texture', 'soft surface'","The touch of Paperbag is little smooth, slightly flexible, low in hardness, even texture, soft surface, it is made of plastic.","[28, 93, 14, 22, 92, 77, 26, 42, 64, 69, 35, 84, 17, 55, 49, 72, 66, 89, 54, 39, 114, 87, 60, 52, 13, 68, 106, 81, 113, 61, 24, 20, 59, 105, 98, 82, 53, 18, 76, 41, 33, 119, 83, 116, 75, 15, 86, 51, 117, 57, 19, 110, 46, 47, 122, 121, 40, 45, 21, 44, 85, 108, 67, 120, 123, 80, 27, 104, 102, 101, 79, 70, 103, 94, 90, 36, 78, 50, 65, 31, 112, 56, 107, 124, 63, 118, 38, 99, 74, 95, 88, 97, 115, 48, 43, 100, 29, 62, 12, 109, 23, 71]","[30, 32, 58, 16, 34, 91, 73, 25, 96, 111, 37, 11]"
paperbag2,8,125,15,149,6,139,"'thin, slightly flexible paper', 'folds', 'low roughness level', 'hardness level is low'","The touch of Paperbag is thin, slightly flexible paper, folds, low roughness level, hardness level is low, it is made of metal.","[57, 17, 55, 71, 38, 111, 16, 65, 20, 61, 78, 97, 74, 32, 54, 53, 41, 94, 84, 62, 39, 22, 95, 25, 124, 18, 106, 93, 109, 121, 117, 14, 91, 81, 89, 101, 87, 82, 103, 108, 120, 118, 88, 77, 59, 70, 63, 11, 105, 33, 119, 100, 23, 43, 60, 48, 34, 28, 83, 123, 30, 51, 27, 47, 72, 80, 8, 85, 9, 29, 90, 24, 98, 46, 56, 114, 58, 42, 31, 79, 64, 26, 67, 45, 15, 113, 36, 107, 104, 52, 44, 125, 40, 115, 37, 13, 73, 21, 99, 69, 35, 66, 122, 50, 86, 76]","[92, 10, 75, 19, 110, 96, 116, 102, 112, 68, 12, 49]"
paperbox,13,125,16,149,22,149,"'slightly coarse texture', 'low roughness level', 'relatively low hardness', 'akin to paper', 'rigid yet slightly pliable under pressure'","The touch of Paperbox is slightly coarse texture, low roughness level, relatively low hardness, akin to paper, rigid yet slightly pliable under pressure, it is made of cardboard.","[66, 83, 15, 30, 118, 14, 21, 40, 28, 18, 67, 61, 58, 19, 121, 89, 62, 55, 119, 115, 105, 39, 70, 24, 50, 37, 22, 84, 93, 78, 100, 116, 34, 101, 75, 88, 76, 94, 32, 80, 96, 122, 44, 48, 91, 110, 33, 82, 73, 65, 42, 99, 124, 25, 38, 85, 92, 31, 41, 107, 104, 79, 35, 60, 108, 117, 113, 36, 111, 95, 46, 114, 27, 71, 20, 77, 106, 90, 47, 69, 125, 54, 64, 23, 72, 87, 16, 120, 112, 51, 56, 74, 13, 43, 123, 45, 49, 63, 53, 103, 81]","[68, 52, 98, 17, 86, 26, 102, 59, 57, 109, 29, 97]"
paperbox2,13,124,10,149,1,149,"'flat', 'coarse', 'fibrous', 'slightly rough', 'low hardness level'","The touch of cardboard box is flat, coarse, fibrous, slightly rough, low hardness level, it is made of cardboard.","[24, 97, 71, 119, 13, 54, 29, 83, 16, 26, 120, 96, 67, 108, 118, 51, 103, 77, 34, 60, 93, 95, 21, 65, 25, 98, 73, 110, 28, 18, 91, 122, 35, 86, 47, 88, 53, 56, 68, 15, 115, 19, 38, 124, 41, 72, 87, 44, 46, 58, 55, 104, 107, 123, 111, 116, 100, 20, 105, 50, 64, 99, 31, 17, 121, 63, 117, 23, 36, 42, 74, 80, 45, 112, 61, 69, 114, 84, 89, 82, 14, 62, 101, 106, 39, 75, 48, 52, 66, 76, 102, 113, 78, 79, 40, 94, 37, 85, 49, 92]","[70, 30, 81, 33, 27, 59, 57, 43, 90, 22, 32, 109]"
papercup,28,124,20,149,20,148,"'ridged and wavy', 'moderately high roughness level', 'high', 'inflexible'","The touch of papercup is ridged and wavy, moderately high roughness level, high, inflexible, it is made of metal.","[118, 86, 44, 36, 121, 119, 31, 51, 60, 93, 58, 83, 85, 56, 74, 101, 94, 35, 90, 37, 80, 124, 81, 96, 91, 30, 39, 120, 34, 98, 77, 48, 105, 55, 73, 28, 62, 52, 54, 76, 92, 43, 111, 65, 71, 47, 75, 123, 113, 99, 66, 57, 122, 79, 84, 42, 53, 45, 50, 116, 88, 33, 72, 117, 59, 41, 107, 106, 70, 61, 29, 114, 38, 108, 110, 64, 87, 78, 102, 115, 49, 40, 100, 68, 63, 69, 95]","[67, 89, 82, 32, 109, 104, 112, 103, 46, 97]"
papercup2,21,124,8,148,8,149,"'hard paper', 'some hardness', 'smoothness'","The touch of Papercup is hard paper, some hardness, smoothness, it is made of rubber.","[36, 110, 99, 39, 31, 87, 23, 38, 68, 30, 124, 84, 91, 83, 62, 79, 112, 74, 59, 88, 109, 108, 72, 95, 24, 48, 86, 80, 111, 43, 100, 94, 22, 57, 58, 116, 106, 119, 53, 40, 55, 97, 120, 60, 75, 28, 56, 96, 73, 44, 21, 78, 115, 104, 85, 123, 33, 51, 70, 41, 82, 93, 76, 102, 114, 34, 63, 107, 26, 118, 25, 101, 32, 65, 117, 81, 47, 77, 27, 49, 105, 90, 69, 42, 52, 66, 46, 67, 121, 61, 113, 92, 98]","[29, 50, 64, 103, 45, 35, 89, 54, 37, 122, 71]"
peach,7,124,30,149,7,139,"'fuzzy', 'slightly rough', 'with some villus', 'low hardness', 'consistent texture'","The touch of Peach is fuzzy, slightly rough, with some villus, low hardness, consistent texture, it is made of rubber.","[63, 112, 124, 73, 100, 83, 35, 30, 8, 10, 114, 9, 54, 61, 67, 41, 113, 95, 119, 56, 25, 60, 32, 109, 118, 29, 101, 23, 111, 121, 91, 90, 59, 81, 76, 62, 93, 102, 52, 17, 123, 82, 68, 107, 57, 106, 24, 122, 48, 50, 79, 70, 46, 45, 88, 92, 33, 94, 43, 28, 22, 19, 16, 20, 18, 53, 89, 105, 120, 11, 15, 42, 7, 13, 72, 80, 47, 12, 27, 108, 34, 96, 39, 38, 64, 74, 115, 49, 86, 36, 99, 103, 66, 84, 78, 26, 21, 65, 58, 44, 85, 75, 14, 40, 37, 98]","[77, 69, 116, 87, 55, 104, 31, 71, 110, 117, 97, 51]"
peach_hard_rough,23,124,40,150,2,97,"'fuzzy', 'soft', 'slightly rough', 'low hardness', 'fine texture', 'slight elasticity', 'fine yet slightly rough', 'noticeable graininess'","The touch of Peach is fuzzy, soft, slightly rough, low hardness, fine texture, slight elasticity, fine yet slightly rough, noticeable graininess, it is made of rubber.","[91, 44, 99, 29, 57, 60, 66, 97, 89, 32, 35, 124, 69, 114, 30, 34, 115, 53, 110, 45, 98, 88, 76, 83, 108, 47, 43, 78, 84, 67, 107, 86, 39, 101, 61, 58, 100, 46, 24, 106, 109, 122, 48, 82, 27, 93, 105, 94, 87, 59, 111, 79, 77, 90, 23, 56, 42, 119, 31, 85, 28, 64, 62, 104, 36, 33, 123, 95, 71, 55, 92, 102, 38, 121, 118, 117, 73, 96, 25, 75, 72, 103, 54, 120, 63, 51, 26, 80, 116, 81, 49]","[65, 37, 50, 74, 70, 52, 68, 40, 41, 112, 113]"
pencilbox,14,125,25,148,9,139,"'smooth', 'hard', 'non-porous', 'slightly glossy', 'no texture', 'low roughness', 'high hardness', 'rigidity', 'coolness to the touch'","The touch of Pencilbox is smooth, hard, non-porous, slightly glossy, no texture, low roughness, high hardness, rigidity, coolness to the touch, it is made of plastic.","[28, 125, 63, 86, 55, 25, 93, 53, 123, 92, 33, 22, 65, 105, 102, 66, 90, 56, 51, 79, 116, 34, 54, 15, 45, 16, 103, 62, 72, 120, 107, 124, 104, 30, 19, 118, 44, 101, 48, 69, 84, 113, 88, 68, 50, 57, 76, 43, 52, 24, 111, 64, 27, 85, 60, 115, 37, 97, 26, 81, 49, 36, 98, 74, 114, 18, 78, 108, 58, 109, 83, 110, 77, 119, 117, 121, 87, 96, 82, 20, 17, 14, 23, 41, 38, 40, 61, 47, 75, 73, 94, 29, 39, 46, 35, 67, 106, 42, 31, 112]","[122, 95, 91, 99, 70, 100, 21, 80, 59, 32, 89, 71]"
pencilbox2,7,123,16,149,31,149,"'hard', 'smooth', 'slippery', 'very smooth', 'no noticeable roughness'","The touch of Pencil box is hard, smooth, slippery, very smooth, no noticeable roughness, it is made of plastic.","[102, 32, 46, 23, 25, 95, 86, 83, 79, 48, 88, 78, 64, 31, 111, 40, 93, 96, 38, 72, 58, 118, 70, 50, 61, 53, 107, 49, 117, 84, 60, 14, 110, 10, 101, 105, 42, 57, 30, 85, 24, 67, 65, 66, 69, 16, 122, 9, 82, 109, 51, 26, 12, 55, 123, 80, 91, 47, 77, 120, 81, 90, 75, 45, 27, 52, 36, 37, 18, 54, 21, 73, 35, 63, 115, 74, 116, 106, 119, 99, 29, 92, 28, 17, 68, 34, 76, 8, 19, 15, 112, 7, 62, 98, 71, 41, 22, 104, 89, 100, 33, 59, 121, 20, 56]","[87, 108, 113, 103, 44, 43, 13, 11, 94, 39, 114, 97]"
pill_bottle_hard_smooth_plastic_bottom_edge,32,124,15,148,4,121,"'smooth plastic lid', 'firm and glossy', 'low roughness', 'high hardness', 'round, slippery texture', 'no detectable give', 'solid, unyielding surface'","The touch of pill bottle is smooth plastic lid, firm and glossy, low roughness, high hardness, round, slippery texture, no detectable give, solid, unyielding surface, it is made of plastic.","[34, 78, 61, 38, 121, 81, 42, 124, 70, 44, 105, 76, 51, 98, 80, 90, 48, 82, 99, 39, 96, 95, 73, 36, 116, 60, 108, 33, 67, 41, 100, 77, 66, 112, 37, 89, 40, 84, 55, 53, 57, 59, 106, 86, 72, 45, 71, 35, 97, 54, 74, 107, 91, 88, 75, 83, 123, 93, 101, 43, 119, 52, 103, 92, 65, 32, 50, 118, 114, 46, 94, 79, 85, 117, 62, 63, 64, 109, 56, 69, 49, 111, 113]","[110, 120, 115, 104, 122, 47, 87, 102, 58, 68]"
pill_bottle_hard_smooth_plastic_cap,15,124,12,149,15,117,"'hard plastic', 'thread-like ridges', 'hardness level is high'","The touch of pill bottle is hard plastic, thread-like ridges, hardness level is high, it is made of plastic.","[124, 75, 118, 103, 70, 78, 92, 49, 115, 63, 113, 99, 73, 104, 122, 32, 101, 98, 119, 77, 39, 52, 16, 95, 93, 117, 96, 62, 58, 38, 24, 36, 97, 86, 33, 56, 106, 61, 25, 87, 109, 29, 108, 17, 65, 67, 107, 43, 105, 112, 26, 34, 100, 90, 37, 123, 15, 18, 89, 44, 68, 22, 57, 42, 85, 45, 74, 102, 111, 114, 53, 69, 71, 23, 79, 48, 41, 94, 19, 20, 27, 51, 47, 40, 84, 31, 59, 35, 46, 30, 116, 120, 82, 91, 54, 81, 60, 83, 76]","[66, 80, 64, 21, 28, 55, 110, 88, 72, 50, 121]"
cap,14,124,10,148,12,149,"'smooth', 'flexible', 'low roughness', 'low hardness', 'minimal texture', 'glossy', 'slick surface'","The touch of cap is smooth, flexible, low roughness, low hardness, minimal texture, glossy, slick surface, it is made of plastic.","[93, 108, 112, 109, 21, 90, 77, 117, 114, 14, 50, 69, 94, 52, 16, 30, 122, 99, 71, 59, 101, 25, 73, 113, 34, 92, 32, 26, 37, 29, 43, 38, 75, 35, 118, 67, 88, 42, 84, 39, 64, 121, 106, 111, 53, 54, 47, 96, 46, 110, 15, 27, 86, 81, 58, 107, 100, 91, 66, 23, 120, 97, 62, 119, 116, 44, 41, 63, 51, 82, 74, 70, 85, 61, 102, 49, 65, 36, 20, 33, 72, 98, 24, 80, 17, 56, 60, 89, 105, 123, 48, 57, 83, 104, 28, 31, 124, 79, 78]","[68, 95, 115, 76, 45, 22, 55, 18, 87, 103, 40, 19]"
plastic_box_bottom_hard_smooth,33,124,31,148,10,124,"'hard plastic', 'smooth, slightly glossy surface', 'heave is very distinct'","The touch of plastic box bottom hard smooth is hard plastic, smooth, slightly glossy surface, heave is very distinct, it is made of metal.","[111, 116, 38, 55, 49, 112, 54, 60, 75, 45, 48, 63, 100, 106, 34, 86, 90, 44, 117, 71, 40, 108, 61, 77, 76, 89, 88, 96, 84, 79, 39, 52, 67, 114, 97, 56, 73, 124, 80, 35, 113, 101, 121, 93, 46, 119, 123, 57, 105, 41, 98, 65, 43, 109, 72, 115, 92, 87, 59, 94, 91, 99, 51, 74, 64, 66, 53, 70, 36, 33, 82, 81, 103, 104, 85, 118, 47, 42, 58, 69, 110, 37]","[107, 120, 102, 122, 62, 68, 78, 50, 83, 95]"
plastic_box_bottom_hard_smooth_1,36,124,0,149,0,121,"'smooth, hard plastic surface', 'glossy', 'slightly cool to the touch', 'low roughness level', 'high hardness', 'inflexible and sturdy'","The touch of plastic box bottom is smooth, hard plastic surface, glossy, slightly cool to the touch, low roughness level, high hardness, inflexible and sturdy, it is made of plastic.","[122, 79, 93, 68, 89, 112, 96, 57, 37, 84, 52, 78, 53, 54, 36, 88, 66, 45, 67, 40, 111, 99, 124, 71, 42, 80, 105, 64, 107, 92, 95, 61, 46, 48, 114, 116, 63, 83, 60, 103, 59, 58, 109, 85, 104, 74, 50, 106, 81, 91, 100, 55, 47, 115, 98, 110, 76, 90, 44, 38, 62, 73, 70, 39, 101, 102, 121, 51, 94, 117, 113, 75, 108, 86, 56, 43, 118, 72, 65, 49]","[120, 69, 41, 97, 123, 82, 77, 119, 87]"
plastic_box_bottom_hard_smooth_edge,20,123,17,150,0,98,"'smooth texture', 'low roughness', 'high hardness'","The touch of Plastic box bottom is smooth texture, low roughness, high hardness, it is made of plastic.","[77, 80, 55, 107, 49, 82, 58, 65, 115, 90, 67, 32, 20, 37, 88, 92, 41, 87, 27, 100, 46, 71, 40, 62, 76, 52, 119, 99, 56, 24, 83, 109, 97, 47, 101, 103, 118, 59, 70, 53, 26, 94, 123, 50, 104, 78, 122, 73, 116, 63, 121, 102, 95, 113, 74, 43, 114, 23, 84, 45, 106, 108, 42, 79, 61, 110, 85, 29, 98, 111, 36, 93, 105, 66, 60, 96, 51, 81, 34, 120, 54, 48, 91, 68, 64, 38, 86, 30, 22, 35, 57, 72, 75]","[33, 25, 89, 117, 28, 31, 44, 21, 112, 69, 39]"
plastic_yellow_duck_beak,16,125,38,149,0,105,"'soft', 'flexible', 'smooth', 'very low roughness', 'elastic texture', 'low hardness', 'consistent surface without any irregularities or sharp edges'","The touch of Duck beak is soft, flexible, smooth, very low roughness, elastic texture, low hardness, consistent surface without any irregularities or sharp edges, it is made of rubber.","[97, 76, 26, 44, 61, 21, 34, 91, 33, 51, 108, 110, 82, 121, 52, 55, 47, 63, 73, 74, 98, 79, 85, 49, 115, 42, 54, 20, 32, 58, 119, 118, 22, 46, 67, 25, 104, 88, 56, 45, 64, 114, 111, 29, 72, 60, 122, 96, 102, 125, 89, 57, 120, 53, 59, 19, 27, 23, 123, 48, 93, 106, 68, 80, 81, 50, 30, 62, 107, 78, 84, 87, 66, 38, 35, 70, 83, 109, 28, 86, 31, 100, 77, 105, 18, 117, 113, 17, 116, 41, 101, 69, 16, 94, 24, 40, 124, 43, 75]","[65, 36, 112, 37, 95, 71, 39, 99, 92, 90, 103]"
plastic_yellow_duck_wing,24,125,0,150,0,93,"'smooth', 'soft', 'elastic', 'pliable', 'low hardness', 'slight give under pressure', 'gentle and non-abrasive surface'","The touch of Yellow duck toy is smooth, soft, elastic, pliable, low hardness, slight give under pressure, gentle and non-abrasive surface, it is made of rubber.","[106, 71, 107, 80, 117, 90, 69, 58, 63, 78, 86, 29, 68, 79, 113, 27, 43, 54, 36, 32, 35, 97, 98, 26, 81, 59, 33, 112, 91, 47, 105, 75, 46, 56, 34, 87, 57, 83, 66, 110, 70, 72, 96, 30, 104, 40, 93, 24, 119, 103, 122, 67, 61, 111, 123, 45, 108, 109, 74, 99, 102, 118, 114, 62, 48, 39, 100, 44, 124, 41, 95, 121, 31, 65, 82, 64, 52, 94, 60, 73, 120, 25, 28, 84, 77, 53, 49, 37, 116, 85, 55]","[76, 42, 101, 125, 88, 38, 92, 115, 89, 50, 51]"
rubber_rabbittoy_hard_smooth,33,123,30,149,10,124,"'smooth, hard rubber', 'low roughness', 'moderate hardness', 'thread-like ridges', 'not likely easy to compress lightly without residual deformation'","The touch of Rubber rabbit toy is smooth, hard rubber, low roughness, moderate hardness, thread-like ridges, not likely easy to compress lightly without residual deformation, it is made of plastic.","[97, 81, 90, 71, 65, 84, 80, 47, 53, 72, 98, 33, 60, 109, 107, 75, 94, 91, 44, 76, 50, 82, 67, 120, 38, 42, 51, 121, 100, 105, 56, 55, 95, 64, 45, 110, 39, 36, 88, 35, 106, 43, 101, 37, 83, 102, 41, 62, 63, 61, 73, 108, 79, 103, 46, 122, 34, 52, 69, 58, 111, 93, 66, 117, 68, 40, 116, 74, 86, 104, 57, 49, 118, 113, 112, 85, 115, 114, 78, 59, 92]","[70, 89, 48, 123, 87, 77, 99, 54, 119, 96]"
rubber_rabbittoy_hard_smooth_1,22,124,22,150,5,124,"'hard rubber', 'special grain', 'texture is hard', 'very low roughness'","The touch of Rabbit toy is hard rubber, special grain, texture is hard, very low roughness, it is made of metal.","[30, 66, 124, 96, 91, 101, 79, 65, 51, 25, 54, 34, 77, 58, 89, 47, 73, 75, 74, 23, 93, 110, 76, 121, 118, 61, 72, 104, 106, 40, 67, 113, 100, 80, 116, 83, 120, 22, 84, 55, 33, 114, 115, 123, 88, 44, 59, 92, 35, 36, 108, 50, 119, 94, 86, 64, 69, 85, 42, 81, 56, 45, 29, 24, 90, 87, 53, 37, 98, 63, 71, 82, 43, 122, 99, 111, 31, 95, 27, 109, 49, 78, 102, 32, 105, 60, 68, 48, 52, 70, 38, 28]","[26, 41, 97, 117, 107, 62, 46, 39, 57, 112, 103]"
rubber_rabbittoy_hard_smooth_ear,1,124,25,148,0,124,"'hard', 'edges', 'ear-like grain'","The touch of rubber_rabbittoy_hard_smooth_ear is hard, edges, ear-like grain, it is made of rubber.","[115, 117, 67, 25, 70, 107, 62, 118, 84, 46, 111, 73, 95, 7, 54, 12, 121, 123, 37, 32, 64, 33, 10, 68, 30, 8, 103, 99, 9, 60, 104, 89, 41, 63, 47, 17, 5, 91, 51, 74, 85, 20, 65, 98, 113, 124, 80, 31, 2, 3, 18, 50, 101, 22, 82, 75, 21, 45, 36, 109, 119, 83, 23, 49, 34, 87, 11, 96, 69, 88, 44, 38, 28, 90, 102, 116, 72, 106, 39, 71, 43, 86, 92, 42, 81, 27, 120, 24, 66, 112, 1, 48, 79, 110, 40, 26, 114, 53, 61, 108, 57, 19, 100, 35, 93, 76, 16, 105, 52, 55, 6]","[122, 56, 58, 78, 4, 97, 15, 94, 77, 29, 13, 59, 14]"
rubber_soft_ball_rough,15,124,45,150,18,123,"'rough', 'rubbery', 'relatively soft', 'slight glossy finish', 'texture is relatively consistent with some roughness'","The touch of rubber soft ball rough is rough, rubbery, relatively soft, slight glossy finish, texture is relatively consistent with some roughness, it is made of rubber.","[112, 28, 23, 16, 58, 33, 73, 84, 71, 99, 123, 104, 110, 64, 34, 107, 42, 69, 74, 55, 86, 17, 106, 39, 75, 87, 119, 102, 70, 97, 116, 49, 52, 118, 92, 89, 109, 41, 93, 20, 124, 113, 62, 50, 57, 40, 82, 61, 94, 32, 47, 91, 44, 29, 103, 100, 80, 98, 115, 31, 37, 25, 38, 15, 51, 108, 26, 27, 96, 90, 72, 77, 101, 19, 105, 85, 48, 46, 66, 60, 53, 63, 67, 36, 43, 22, 35, 122, 30, 117, 59, 95, 88, 18, 81, 114, 120, 111, 78]","[83, 24, 21, 79, 121, 76, 56, 45, 65, 54, 68]"
shampool,38,123,25,149,11,128,"'glossy red surface', 'smooth texture', 'high hardness'","The touch of Shampoo bottle is glossy red surface, smooth texture, high hardness, it is made of plastic.","[112, 43, 103, 59, 61, 117, 53, 88, 97, 69, 47, 105, 58, 60, 54, 98, 57, 72, 74, 42, 114, 39, 67, 100, 95, 85, 49, 65, 94, 41, 99, 109, 122, 48, 73, 101, 64, 66, 96, 78, 38, 121, 119, 70, 108, 46, 93, 52, 80, 77, 120, 115, 75, 89, 71, 90, 123, 86, 51, 113, 106, 111, 82, 84, 104, 81, 56, 102, 50, 118, 40, 76, 110, 79, 62, 55, 44]","[68, 87, 83, 45, 91, 107, 63, 116, 92]"
shampool_1,17,123,40,148,20,129,"'hard plastic', 'smooth', 'unyielding', 'glossy surface', 'slick', 'high hardness', 'little visible roughness', 'minimal resistance to touch'","The touch of Shampoo bottle is hard plastic, smooth, unyielding, glossy surface, slick, high hardness, little visible roughness, minimal resistance to touch, it is made of plastic.","[32, 84, 52, 49, 93, 71, 92, 109, 48, 22, 88, 113, 111, 61, 46, 36, 60, 50, 97, 54, 63, 66, 81, 24, 75, 116, 100, 34, 83, 82, 39, 112, 76, 62, 69, 42, 90, 120, 58, 56, 86, 91, 95, 29, 118, 80, 67, 31, 108, 18, 40, 47, 121, 87, 123, 35, 72, 19, 99, 114, 110, 33, 77, 70, 74, 38, 64, 45, 105, 115, 25, 23, 117, 107, 20, 119, 44, 94, 30, 79, 57, 103, 102, 96, 37, 104, 51, 73, 55, 17, 106, 122, 85, 26, 41, 98]","[101, 78, 53, 28, 43, 68, 21, 27, 65, 89, 59]"
shampool_2,30,125,20,148,0,97,"'smooth, hard plastic', 'sleek with minimal roughness', 'high hardness'","The touch of Toothpaste bottle is smooth, hard plastic, sleek with minimal roughness, high hardness, it is made of plastic.","[107, 91, 77, 98, 106, 47, 95, 40, 102, 55, 96, 57, 88, 58, 87, 82, 32, 48, 111, 81, 123, 84, 41, 73, 68, 51, 115, 59, 121, 85, 54, 70, 89, 71, 105, 35, 75, 66, 94, 56, 83, 117, 33, 80, 62, 37, 43, 113, 74, 97, 36, 119, 64, 49, 34, 118, 99, 63, 124, 110, 44, 52, 50, 69, 108, 78, 112, 53, 101, 90, 30, 60, 42, 122, 61, 76, 31, 104, 39, 125, 92, 116, 109, 45, 100, 114]","[72, 79, 120, 93, 38, 65, 46, 86, 103, 67]"
glove,15,124,16,148,4,140,"'soft fabric', 'slightly textured surface', 'low hardness', 'pliable', 'rough and slightly bumpy texture', 'special grain', 'gentle resistance'","The touch of Glove is soft fabric, slightly textured surface, low hardness, pliable, rough and slightly bumpy texture, special grain, gentle resistance, it is made of metal.","[39, 36, 110, 121, 83, 81, 111, 122, 95, 28, 54, 85, 84, 37, 80, 18, 45, 117, 104, 70, 29, 103, 44, 97, 94, 64, 98, 77, 66, 15, 108, 19, 87, 27, 116, 43, 120, 78, 26, 51, 76, 63, 35, 93, 123, 33, 55, 17, 105, 86, 119, 21, 102, 40, 72, 91, 49, 52, 101, 74, 62, 106, 25, 22, 65, 96, 32, 82, 23, 69, 118, 61, 41, 56, 89, 47, 71, 24, 99, 112, 48, 124, 79, 100, 73, 16, 60, 53, 20, 75, 30, 107, 68, 88, 92, 113, 59, 114, 31]","[67, 50, 90, 38, 34, 58, 109, 42, 115, 57, 46]"
glove2,10,125,10,149,10,140,"'soft, flexible material', 'slightly rough, gripping surface', 'tougher, grippy feel indicative of moderate hardness'","The touch of Glove2 is soft, flexible material, slightly rough, gripping surface, tougher, grippy feel indicative of moderate hardness, it is made of plastic.","[67, 27, 37, 114, 48, 11, 19, 110, 21, 30, 78, 29, 62, 108, 36, 80, 26, 43, 100, 59, 34, 119, 105, 46, 14, 71, 88, 74, 79, 89, 56, 33, 57, 77, 83, 93, 96, 31, 23, 49, 28, 87, 22, 109, 45, 125, 25, 38, 97, 53, 117, 52, 72, 41, 42, 103, 32, 90, 35, 73, 113, 17, 70, 84, 55, 102, 86, 65, 58, 115, 39, 101, 40, 118, 60, 51, 68, 95, 12, 61, 18, 99, 76, 98, 47, 15, 111, 10, 124, 123, 104, 106, 66, 63, 91, 69, 121, 81, 116, 92, 122, 24, 44, 50]","[85, 82, 75, 54, 120, 94, 112, 16, 20, 64, 107, 13]"
sponge_brush_handle,23,124,27,150,26,125,"'smooth plastic', 'even texture with minimal roughness', 'high hardness level', 'firm sensation', 'typical properties of solid plastic'","The touch of sponge_brush_handle is smooth plastic, even texture with minimal roughness, high hardness level, firm sensation, typical properties of solid plastic, it is made of plastic.","[105, 44, 97, 104, 98, 26, 48, 58, 77, 65, 31, 34, 79, 124, 76, 108, 63, 109, 53, 118, 82, 73, 88, 39, 50, 75, 94, 121, 32, 56, 25, 96, 84, 100, 33, 36, 101, 111, 30, 110, 38, 123, 78, 51, 61, 43, 102, 27, 112, 74, 90, 37, 52, 60, 49, 72, 120, 95, 40, 87, 116, 115, 64, 66, 59, 28, 89, 106, 55, 80, 24, 85, 45, 117, 83, 62, 57, 46, 114, 93, 29, 47, 41, 69, 91, 35, 70, 81, 54, 122, 103]","[67, 113, 86, 23, 92, 119, 99, 107, 68, 42, 71]"
sponge_brush_handle_1,34,124,63,149,67,128,"'hard plastic', 'edge', 'bottom side', 'ridge'","The touch of Sponge brush handle 1 is hard plastic, edge, bottom side, ridge, it is made of rubber.","[43, 78, 46, 94, 60, 56, 80, 76, 109, 97, 36, 40, 84, 73, 111, 44, 51, 41, 49, 62, 119, 107, 58, 108, 67, 123, 99, 65, 118, 90, 100, 89, 96, 112, 88, 85, 68, 74, 115, 79, 104, 113, 53, 110, 120, 105, 42, 82, 71, 86, 75, 72, 87, 101, 34, 64, 95, 59, 37, 70, 63, 54, 81, 35, 69, 91, 55, 92, 48, 102, 106, 122, 117, 66, 114, 39, 61, 77, 50, 124, 121]","[116, 38, 98, 57, 52, 93, 83, 47, 45, 103]"
sponge_brush_s_sponge_soft_rough,53,124,10,149,19,118,"'soft', 'semi-flexible', 'smooth texture', 'roughness', 'low hardness'","The touch of Sponge brush with soft sponge. is soft, semi-flexible, smooth texture, roughness, low hardness, it is made of rubber.","[115, 112, 61, 67, 82, 65, 81, 119, 120, 71, 94, 73, 55, 100, 104, 77, 111, 122, 90, 62, 87, 107, 59, 66, 102, 96, 113, 123, 88, 124, 84, 56, 105, 83, 101, 76, 114, 106, 57, 95, 116, 80, 63, 58, 92, 121, 70, 93, 74, 103, 53, 110, 64, 78, 109, 60, 75, 108, 117, 99, 86, 97, 91, 118]","[69, 68, 89, 79, 72, 54, 85, 98]"
spoon,5,123,26,148,8,138,"'smooth', 'polished', 'cold to the touch', 'high hardness level', 'sleek texture', 'unyielding texture'","The touch of spoon is smooth, polished, cold to the touch, high hardness level, sleek texture, unyielding texture, it is made of metal.","[107, 67, 23, 112, 115, 52, 71, 27, 89, 90, 109, 32, 16, 79, 15, 123, 118, 34, 114, 12, 7, 39, 76, 63, 106, 73, 18, 111, 72, 96, 21, 113, 48, 61, 99, 55, 122, 95, 9, 47, 102, 40, 65, 105, 64, 80, 119, 41, 35, 83, 56, 87, 97, 50, 54, 37, 66, 69, 98, 43, 84, 49, 36, 120, 92, 60, 121, 70, 104, 29, 117, 88, 13, 46, 38, 44, 77, 42, 24, 68, 17, 100, 74, 28, 108, 81, 26, 85, 91, 57, 51, 19, 22, 53, 93, 45, 6, 116, 86, 5, 59, 8, 33, 11, 78, 82, 58]","[101, 110, 62, 14, 30, 75, 94, 103, 10, 25, 31, 20]"
spoon2,9,123,16,149,17,139,"'smooth', 'shiny steel', 'slick and cold texture', 'high hardness', 'no discernible roughness', 'polished finish'","The touch of Spoon is smooth, shiny steel, slick and cold texture, high hardness, no discernible roughness, polished finish, it is made of metal.","[38, 64, 46, 121, 71, 15, 35, 59, 26, 122, 22, 47, 40, 82, 12, 20, 61, 90, 114, 65, 112, 62, 110, 42, 85, 58, 115, 34, 104, 107, 68, 31, 18, 83, 37, 106, 52, 16, 67, 74, 91, 27, 39, 84, 76, 55, 87, 19, 44, 21, 66, 80, 10, 57, 117, 30, 89, 48, 43, 88, 9, 45, 14, 13, 96, 109, 92, 101, 111, 102, 86, 23, 95, 24, 32, 97, 60, 120, 49, 73, 103, 105, 63, 28, 98, 119, 70, 99, 11, 41, 33, 53, 56, 50, 51, 36, 93, 75, 69, 123, 116, 17, 54]","[72, 78, 79, 100, 29, 77, 118, 25, 94, 113, 108, 81]"
plastic_box,8,124,9,149,4,149,"'smooth texture', 'low roughness level', 'high hardness level', 'firm and polished feeling'","The touch of Plastic box is smooth texture, low roughness level, high hardness level, firm and polished feeling, it is made of plastic.","[58, 107, 111, 98, 27, 24, 82, 49, 89, 99, 114, 60, 63, 75, 97, 84, 23, 66, 113, 56, 109, 61, 117, 37, 16, 108, 122, 59, 69, 115, 120, 87, 90, 124, 104, 31, 92, 48, 12, 47, 36, 18, 91, 100, 101, 110, 112, 14, 78, 51, 79, 33, 53, 15, 73, 74, 86, 13, 25, 67, 72, 103, 95, 65, 50, 68, 21, 94, 41, 42, 119, 96, 45, 17, 71, 121, 55, 70, 76, 22, 19, 123, 11, 46, 118, 116, 28, 32, 80, 81, 62, 105, 26, 29, 44, 35, 54, 52, 106, 43, 10, 39, 64, 34, 77]","[40, 93, 102, 83, 57, 30, 9, 38, 88, 8, 20, 85]"
plastic_box2,9,124,7,149,1,149,"'smooth plastic', 'sleek, even texture', 'very low roughness', 'high hardness', 'firm and solid', 'unyielding with no give'","The touch of plastic box is smooth plastic, sleek, even texture, very low roughness, high hardness, firm and solid, unyielding with no give, it is made of metal.","[19, 80, 25, 76, 32, 62, 10, 30, 116, 113, 69, 26, 60, 61, 67, 56, 15, 122, 114, 12, 38, 111, 35, 87, 40, 91, 92, 103, 96, 20, 41, 31, 51, 98, 45, 74, 53, 18, 70, 85, 50, 44, 93, 55, 106, 102, 47, 16, 117, 81, 37, 11, 29, 90, 9, 57, 22, 34, 58, 13, 42, 123, 17, 21, 14, 109, 65, 59, 119, 88, 71, 95, 39, 104, 84, 86, 36, 48, 82, 75, 115, 66, 68, 78, 43, 49, 27, 105, 28, 77, 99, 54, 118, 46, 100, 101, 33, 23, 24, 72, 73, 110, 52, 63]","[89, 124, 108, 107, 112, 83, 79, 120, 64, 97, 121, 94]"
plastic_cup,10,124,13,148,8,148,"'smooth', 'slightly shiny', 'uniformly solid', 'non-porous', 'moderately hard', 'non-elastic', 'some special texture', 'low roughness'","The touch of plastic cup is smooth, slightly shiny, uniformly solid, non-porous, moderately hard, non-elastic, some special texture, low roughness, it is made of metal.","[58, 101, 16, 100, 102, 79, 89, 98, 83, 124, 112, 25, 76, 47, 72, 39, 88, 31, 122, 48, 113, 10, 35, 23, 118, 74, 61, 43, 106, 96, 114, 109, 29, 51, 92, 70, 11, 121, 32, 20, 119, 40, 65, 57, 73, 34, 95, 54, 53, 44, 41, 13, 94, 99, 123, 103, 120, 17, 82, 110, 55, 49, 56, 45, 30, 84, 97, 22, 77, 108, 107, 104, 52, 80, 66, 60, 26, 67, 46, 90, 91, 14, 117, 19, 64, 63, 37, 42, 62, 115, 105, 93, 111, 75, 21, 38, 50, 59, 27, 86, 116, 78, 81]","[68, 71, 18, 24, 15, 69, 87, 33, 36, 12, 28, 85]"
plastic_cup2,17,125,15,149,0,148,"'smooth', 'slightly glossy', 'hard', 'non-porous', 'uniform texture', 'no apparent roughness', 'high hardness', 'minimal resistance to tactile pressure'","The touch of plastic cup is smooth, slightly glossy, hard, non-porous, uniform texture, no apparent roughness, high hardness, minimal resistance to tactile pressure, it is made of plastic.","[58, 92, 83, 93, 94, 26, 51, 86, 22, 60, 46, 29, 43, 49, 64, 50, 90, 109, 115, 70, 121, 113, 97, 38, 87, 19, 32, 82, 56, 79, 71, 23, 40, 88, 91, 59, 30, 31, 68, 69, 74, 122, 24, 35, 118, 123, 77, 108, 61, 85, 114, 112, 101, 36, 34, 99, 124, 21, 18, 67, 105, 33, 65, 104, 98, 44, 96, 100, 55, 48, 37, 78, 117, 66, 110, 80, 106, 25, 45, 72, 107, 116, 53, 17, 111, 27, 47, 42, 103, 120, 76, 63, 89, 95, 84, 102, 39, 28]","[62, 73, 54, 52, 41, 119, 81, 57, 75, 125, 20]"
plastic_cup3,11,124,15,149,5,149,"'smooth', 'rigid', 'non-porous', 'glossy finish', 'hard', 'much harder than paper or leather', 'no noticeable texture or roughness'","The touch of plastic cup is smooth, rigid, non-porous, glossy finish, hard, much harder than paper or leather, no noticeable texture or roughness, it is made of metal.","[27, 66, 71, 95, 12, 124, 117, 111, 26, 59, 110, 75, 16, 48, 67, 100, 91, 55, 50, 49, 45, 118, 46, 37, 17, 84, 32, 33, 113, 93, 94, 69, 35, 61, 114, 65, 76, 57, 122, 87, 58, 68, 106, 85, 36, 99, 54, 47, 28, 38, 103, 64, 29, 83, 88, 21, 79, 39, 70, 62, 43, 120, 92, 73, 96, 56, 101, 22, 53, 20, 52, 13, 82, 121, 115, 42, 41, 108, 77, 116, 123, 18, 40, 105, 119, 104, 11, 72, 109, 112, 98, 97, 15, 90, 25, 86, 19, 80, 34, 30, 24, 74]","[102, 14, 78, 44, 63, 89, 31, 51, 60, 23, 107, 81]"
plastic_bottle,17,124,23,149,0,-1,"'smooth', 'slightly flexible', 'low roughness', 'medium hardness', 'glossy', 'rigid'","The touch of plastic bottle is smooth, slightly flexible, low roughness, medium hardness, glossy, rigid, it is made of plastic.","[22, 111, 70, 78, 97, 56, 122, 101, 36, 37, 113, 35, 62, 21, 57, 82, 44, 95, 93, 34, 109, 106, 42, 45, 72, 60, 19, 25, 58, 51, 52, 121, 53, 55, 67, 81, 107, 96, 99, 68, 65, 120, 80, 123, 66, 26, 17, 103, 118, 88, 115, 54, 84, 116, 87, 63, 64, 117, 20, 48, 89, 18, 43, 100, 124, 46, 73, 85, 33, 94, 41, 27, 74, 76, 75, 29, 30, 92, 90, 83, 38, 105, 32, 24, 119, 69, 77, 91, 40, 50, 86, 59, 79, 108, 98, 104, 49]","[61, 112, 114, 110, 71, 47, 39, 28, 102, 31, 23]"
plastic_bottle2,8,124,14,149,18,148,"'smooth and glossy', 'low roughness level', 'rigid and non-flexible', 'high hardness', 'cool and dry to the touch'","The touch of plastic bottle is smooth and glossy, low roughness level, rigid and non-flexible, high hardness, cool and dry to the touch, it is made of plastic.","[101, 62, 112, 45, 77, 8, 14, 106, 39, 70, 31, 55, 52, 24, 33, 84, 36, 116, 107, 9, 47, 19, 98, 71, 54, 95, 16, 96, 115, 46, 48, 99, 41, 81, 104, 83, 68, 37, 120, 105, 87, 11, 17, 90, 18, 59, 66, 117, 111, 65, 102, 50, 85, 51, 94, 25, 114, 67, 23, 92, 26, 32, 124, 21, 56, 27, 88, 78, 12, 123, 53, 29, 72, 22, 61, 10, 49, 113, 42, 13, 118, 119, 73, 63, 57, 108, 100, 40, 103, 121, 74, 69, 35, 44, 15, 76, 86, 82, 109, 28, 97, 60, 34, 75, 30]","[122, 110, 89, 58, 20, 80, 43, 79, 93, 64, 91, 38]"
plastic_glove,6,124,15,149,0,137,"'small raised points', 'flexible', 'low hardness'","The touch of plastic_glove is small raised points, flexible, low hardness, it is made of plastic.","[29, 50, 83, 43, 67, 92, 19, 13, 96, 11, 69, 38, 23, 51, 71, 87, 80, 121, 21, 77, 35, 55, 28, 78, 61, 94, 63, 53, 41, 107, 31, 18, 112, 14, 95, 47, 32, 48, 49, 106, 26, 99, 33, 91, 25, 93, 124, 116, 123, 88, 101, 90, 114, 9, 100, 24, 64, 111, 84, 120, 62, 52, 42, 15, 117, 27, 34, 79, 12, 66, 30, 73, 82, 110, 115, 104, 76, 10, 113, 20, 98, 56, 102, 75, 39, 86, 57, 97, 6, 103, 37, 89, 60, 65, 119, 44, 22, 74, 46, 109, 68, 40, 70, 59, 8, 81, 122]","[36, 16, 85, 54, 72, 118, 45, 58, 17, 105, 7, 108]"
tomato,10,124,10,150,2,141,"'smooth, glossy surface', 'rough leaf with special texture', 'slick, uniform, and soft', 'low hardness', 'rough', 'little raised points', 'regular distribution', 'minimal friction', 'cool to the touch', 'slight give', 'firmness is low'","The touch of Tomato is smooth, glossy surface, rough leaf with special texture, slick, uniform, and soft, low hardness, rough, little raised points, regular distribution, minimal friction, cool to the touch, slight give, firmness is low, it is made of plastic.","[26, 48, 97, 99, 49, 122, 32, 102, 66, 39, 110, 47, 41, 98, 74, 79, 96, 38, 81, 36, 63, 86, 87, 27, 88, 101, 111, 22, 78, 25, 113, 18, 33, 106, 19, 120, 80, 124, 117, 95, 85, 70, 90, 76, 60, 56, 84, 105, 20, 13, 119, 123, 67, 45, 64, 75, 14, 53, 11, 28, 44, 15, 30, 92, 59, 77, 100, 23, 109, 108, 54, 43, 68, 61, 16, 58, 35, 116, 89, 112, 21, 42, 55, 51, 31, 24, 115, 17, 73, 118, 10, 57, 104, 50, 103, 121, 107, 93, 65, 12, 46, 94, 72]","[91, 83, 69, 37, 40, 82, 62, 114, 52, 34, 29, 71]"
tomato_leaf_soft_rough_2,40,123,32,150,0,105,"'rough leaf with special texture', 'slick, uniform, and soft skin', 'low hardness', 'rough', 'little raised points', 'minimal friction', 'cool to the touch', 'slight give indicating its firmness is low'","The touch of Tomato is rough leaf with special texture, slick, uniform, and soft skin, low hardness, rough, little raised points, minimal friction, cool to the touch, slight give indicating its firmness is low, it is made of rubber.","[85, 70, 98, 88, 48, 65, 93, 105, 43, 117, 76, 67, 122, 96, 108, 106, 82, 74, 110, 44, 50, 78, 63, 59, 61, 112, 118, 94, 56, 47, 81, 69, 77, 115, 116, 104, 54, 109, 102, 123, 66, 75, 55, 49, 52, 80, 101, 103, 58, 73, 46, 64, 119, 111, 41, 68, 42, 114, 84, 107, 87, 100, 113, 62, 120, 97, 99, 83, 95, 57, 53, 72, 121, 51, 89]","[40, 79, 71, 92, 45, 60, 91, 86, 90]"
tomato_medium_smooth_1,22,123,47,150,5,104,"'soft', 'smooth', 'flexible', 'slightly moist', 'low hardness', 'even and consistent texture', 'shine typically found on fresh vegetables', 'round and well-formed contact point', 'lacking significant roughness'","The touch of Tomato is soft, smooth, flexible, slightly moist, low hardness, even and consistent texture, shine typically found on fresh vegetables, round and well-formed contact point, lacking significant roughness, it is made of plastic.","[29, 113, 62, 99, 36, 28, 70, 43, 78, 92, 97, 40, 111, 100, 87, 85, 48, 30, 80, 33, 76, 57, 75, 63, 79, 49, 120, 123, 65, 110, 44, 37, 86, 26, 39, 93, 35, 96, 38, 51, 60, 95, 23, 72, 58, 94, 34, 24, 117, 45, 67, 116, 114, 102, 55, 90, 103, 46, 119, 31, 52, 121, 77, 27, 101, 73, 41, 69, 22, 54, 32, 107, 91, 50, 98, 53, 56, 71, 59, 88, 89, 84, 68, 106, 47, 112, 66, 42, 115, 118, 61]","[81, 82, 104, 74, 83, 109, 105, 25, 122, 64, 108]"
woodcup,9,124,11,149,15,148,"'smooth wood', 'minimal roughness', 'high hardness', 'polished texture', 'firm and solid feel', 'considerable rigidity'","The touch of Wood cup is smooth wood, minimal roughness, high hardness, polished texture, firm and solid feel, considerable rigidity, it is made of wood.","[82, 63, 94, 83, 86, 60, 96, 65, 84, 93, 75, 68, 22, 64, 70, 28, 102, 23, 17, 121, 29, 71, 101, 111, 40, 50, 105, 19, 51, 42, 30, 45, 12, 100, 62, 73, 104, 114, 10, 108, 33, 20, 72, 44, 32, 14, 88, 41, 74, 79, 49, 117, 66, 110, 103, 112, 36, 119, 18, 120, 25, 11, 99, 9, 92, 58, 85, 35, 80, 98, 57, 81, 78, 90, 37, 56, 46, 69, 118, 34, 95, 38, 91, 113, 123, 54, 122, 21, 24, 116, 15, 26, 59, 124, 13, 109, 89, 48, 97, 107, 16, 77, 106, 43]","[39, 87, 31, 76, 27, 52, 67, 55, 47, 61, 115, 53]"
woodcup2,8,124,11,149,17,148,"'smooth', 'rigid', 'hard', 'polished with a fine texture', 'low roughness', 'barely perceptible grain', 'sleek', 'robust', 'solid surface'","The touch of Wooden cup is smooth, rigid, hard, polished with a fine texture, low roughness, barely perceptible grain, sleek, robust, solid surface, it is made of wood.","[28, 25, 30, 32, 42, 118, 27, 98, 16, 46, 84, 124, 53, 13, 18, 92, 112, 109, 106, 95, 68, 72, 116, 9, 74, 115, 31, 21, 41, 48, 75, 34, 100, 66, 123, 113, 37, 94, 52, 14, 39, 91, 85, 83, 96, 76, 97, 57, 58, 47, 93, 80, 8, 22, 102, 103, 87, 89, 10, 69, 108, 86, 104, 71, 64, 101, 88, 111, 82, 51, 70, 33, 99, 81, 59, 90, 56, 40, 63, 38, 77, 26, 55, 19, 107, 78, 29, 119, 17, 49, 12, 114, 79, 73, 120, 35, 67, 50, 62, 110, 23, 44, 121, 54, 43]","[65, 24, 105, 36, 11, 15, 122, 117, 61, 20, 45, 60]"
woodcup3,8,124,8,149,13,148,"'smooth texture', 'low roughness', 'high hardness', 'polished', 'sturdy'","The touch of Wooden cup is smooth texture, low roughness, high hardness, polished, sturdy, it is made of wood.","[102, 34, 103, 93, 10, 113, 89, 112, 15, 30, 52, 35, 61, 50, 29, 107, 11, 74, 90, 109, 27, 70, 18, 62, 104, 48, 51, 101, 17, 120, 122, 47, 42, 72, 80, 85, 106, 60, 8, 118, 91, 92, 87, 37, 26, 95, 12, 96, 22, 25, 111, 54, 40, 13, 99, 43, 83, 116, 36, 41, 77, 39, 121, 56, 117, 66, 33, 124, 28, 64, 9, 16, 55, 19, 78, 46, 58, 119, 79, 71, 98, 88, 67, 68, 63, 49, 97, 14, 45, 82, 21, 115, 24, 114, 23, 20, 86, 59, 73, 100, 32, 94, 65, 53, 57]","[81, 84, 76, 123, 31, 75, 110, 38, 69, 105, 44, 108]"
rubber_toy,16,125,14,149,0,149,"'smooth texture', 'high hardness', 'thread-like texture', 'hard rubber material', 'solid and rigid sensation'","The touch of rubber_toy is smooth texture, high hardness, thread-like texture, hard rubber material, solid and rigid sensation, it is made of plastic.","[106, 124, 105, 18, 41, 26, 109, 63, 113, 20, 104, 24, 70, 123, 69, 40, 46, 74, 90, 71, 125, 49, 50, 43, 80, 45, 94, 30, 31, 38, 108, 66, 79, 17, 72, 61, 22, 53, 68, 48, 65, 86, 91, 59, 117, 54, 19, 85, 111, 120, 25, 115, 58, 37, 75, 36, 97, 122, 119, 93, 99, 29, 103, 64, 82, 16, 77, 33, 21, 44, 118, 60, 52, 83, 27, 57, 116, 34, 95, 55, 81, 89, 110, 101, 102, 62, 100, 76, 84, 114, 56, 107, 92, 39, 23, 121, 78, 42, 32]","[96, 47, 51, 87, 98, 112, 88, 35, 28, 73, 67]"
rubber_toy2,26,124,20,149,24,148,"'rough, coarse texture', 'high hardness level', 'minimal compressibility', 'rigid structural integrity'","The touch of rubber_toy2 is rough, coarse texture, high hardness level, minimal compressibility, rigid structural integrity, it is made of rubber.","[35, 64, 68, 95, 84, 124, 47, 122, 83, 67, 81, 121, 52, 30, 76, 111, 80, 46, 32, 37, 106, 61, 53, 115, 91, 40, 48, 69, 87, 101, 103, 94, 79, 65, 58, 42, 43, 74, 112, 71, 39, 62, 93, 97, 123, 104, 107, 41, 110, 108, 56, 26, 54, 75, 31, 34, 55, 82, 28, 45, 78, 109, 105, 77, 29, 66, 89, 96, 70, 88, 49, 114, 118, 90, 51, 86, 117, 44, 27, 99, 59, 63, 33, 120, 36, 92, 72, 85, 100]","[73, 116, 38, 50, 119, 113, 102, 98, 57, 60]"
rubber_toy3,25,123,20,148,24,149,"'smooth', 'slightly yielding', 'rubbery', 'some hardness'","The touch of robot toy is smooth, slightly yielding, rubbery, some hardness, it is made of plastic.","[116, 86, 111, 75, 105, 92, 48, 102, 120, 84, 95, 96, 31, 97, 78, 37, 33, 73, 77, 30, 63, 119, 67, 80, 101, 72, 34, 117, 46, 91, 71, 94, 53, 66, 41, 65, 118, 28, 68, 42, 59, 114, 62, 109, 122, 82, 61, 123, 29, 45, 56, 43, 93, 60, 58, 25, 50, 85, 98, 100, 121, 55, 52, 103, 87, 69, 108, 27, 51, 89, 113, 115, 36, 64, 107, 88, 26, 106, 38, 110, 99, 57, 40, 32, 47, 83, 90, 44, 49]","[79, 35, 104, 76, 54, 81, 70, 112, 39, 74]"
shuttlecock,20,125,22,148,11,148,"'slightly rough texture', 'low hardness', 'smooth', 'firm', 'high hardness level'","The tactile sensor is touching the tip of a badminton shuttlecock, which is made of synthetic or feather material with a slightly rough texture, low hardness, and lightweight properties. The contact point is the rounded rubber base, which is smooth, firm, and has a high hardness level.","[61, 26, 125, 96, 89, 109, 70, 46, 114, 35, 124, 24, 20, 39, 108, 80, 48, 73, 102, 41, 58, 78, 63, 21, 25, 98, 122, 36, 45, 88, 119, 117, 33, 30, 116, 111, 32, 84, 79, 23, 120, 81, 75, 107, 110, 113, 123, 77, 85, 121, 38, 83, 57, 50, 59, 31, 82, 22, 105, 90, 62, 100, 71, 104, 37, 29, 118, 91, 43, 115, 28, 47, 27, 60, 72, 95, 67, 97, 40, 34, 101, 42, 69, 53, 76, 87, 92, 52, 112, 86, 51, 65, 64, 103, 54]","[49, 66, 99, 106, 93, 56, 94, 55, 68, 74, 44]"
shuttlecock2,13,124,14,148,0,148,"'smooth material', 'low roughness', 'low hardness'","The tactile sensor touches a white shuttlecock's feather section, made of synthetic, smooth material with low roughness and low hardness.","[64, 123, 97, 72, 91, 51, 56, 61, 122, 94, 105, 96, 116, 70, 111, 87, 124, 39, 22, 108, 86, 66, 95, 60, 65, 29, 78, 14, 101, 20, 46, 30, 106, 33, 40, 67, 59, 36, 37, 31, 45, 15, 44, 119, 79, 93, 90, 117, 118, 109, 19, 73, 35, 54, 92, 13, 103, 77, 100, 41, 104, 69, 57, 47, 55, 34, 17, 115, 32, 18, 75, 53, 21, 71, 58, 62, 26, 114, 107, 27, 16, 48, 28, 98, 110, 82, 50, 68, 74, 121, 38, 52, 102, 120, 80, 88, 89, 99, 63, 81]","[113, 83, 23, 49, 24, 25, 43, 42, 84, 76, 85, 112]"
